{"type":"FeatureCollection","stand":"2026-10-08T21:13:37.744Z","attribution":"Datensatz „Baustellen\", Stadt Karlsruhe, Lizenz CC-BY 4.0","count":177,"features":[{"type":"Feature","geometry":{"type":"Point","coordinates":[8.395649,49.006543]},"properties":{"id":"2019V3783","titel":"Herrenstraße zw. Karlstraße und Amalienstraße","art":"Bauliche Sondernutzung","artCode":"Bauliche Sondernutzung","artKnown":true,"info":null,"von":"2020-02-02","bis":"2026-10-31","verursacher":"Privat","ampel":"teil","ampelLabel":"Teilsperrung","verkehrsmittel":{"fuss":false,"rad":false,"auto":true,"oepnv":false},"area":{"type":"Polygon","coordinates":[[[8.395061,49.005988],[8.396435,49.007203],[8.396356,49.007184],[8.395002,49.006024],[8.395061,49.005988]]]}}},{"type":"Feature","geometry":{"type":"Point","coordinates":[8.455428,48.975621]},"properties":{"id":"2020V5173","titel":"Steinkreuzstraße zw. Ringstraße und Hohenbergstraße","art":"Haltestellenumbau mit Straßenumgestaltung","artCode":"Haltestellenumbau mit Straßenumgestaltung","artKnown":true,"info":"Bauzeit von Bauko geschätzt","von":"2026-08-02","bis":"2026-10-31","verursacher":"Tiefbauamt","ampel":"teil","ampelLabel":"Teilsperrung","verkehrsmittel":{"fuss":false,"rad":false,"auto":false,"oepnv":true},"area":{"type":"MultiPolygon","coordinates":[[[[8.455174,48.975536],[8.455226,48.975517],[8.455318,48.975592],[8.455259,48.975609],[8.455174,48.975536]]],[[[8.455408,48.975571],[8.455479,48.975623],[8.455502,48.975654],[8.455457,48.975671],[8.455348,48.9756],[8.455408,48.975571]]]]}}},{"type":"Feature","geometry":{"type":"Point","coordinates":[8.40304,49.008996]},"properties":{"id":"2022V5840","titel":"Zähringerstraße zwischen Marktplatz und Lammstraße","art":"Bauliche Sondernutzung","artCode":"Bauliche Sondernutzung","artKnown":true,"info":"nur Fußweg frei","von":"2023-01-08","bis":"2026-12-31","verursacher":"Stadt Karlsruhe","ampel":"voll","ampelLabel":"Vollsperrung","verkehrsmittel":{"fuss":true,"rad":false,"auto":false,"oepnv":false},"area":{"type":"Polygon","coordinates":[[[8.402814,49.00902],[8.402558,49.009028],[8.40255,49.00899],[8.403431,49.008944],[8.403439,49.009014],[8.402814,49.009044],[8.402814,49.00902]]]}}},{"type":"Feature","geometry":{"type":"Point","coordinates":[8.42701,49.008832]},"properties":{"id":"2022V6173","titel":"Essenweinstraße, Sternbergstraße,  Gerwigstraße, Veilchenstraße, Haizingerstraße","art":"Strom bzw. TK-Versorgung","artCode":"Strom bzw. TK-Versorgung","artKnown":true,"info":"Baustelle im Gehwegbereich, Ausführung in mehreren Abschnitten, Aufteilung nicht vorgenommen","von":"2026-08-29","bis":"2026-10-17","verursacher":"Telekommunikation","ampel":"gering","ampelLabel":"Geringe Behinderung","verkehrsmittel":{"fuss":true,"rad":false,"auto":false,"oepnv":false},"area":{"type":"MultiLineString","coordinates":[[[8.424501,49.010051],[8.425662,49.010134],[8.42566,49.010139],[8.425662,49.010142],[8.425668,49.010145],[8.42567,49.010145],[8.425671,49.010145],[8.425819,49.010129]],[[8.426411,49.008953],[8.426627,49.008912],[8.426645,49.008898],[8.42706,49.008823]],[[8.427636,49.009317],[8.427684,49.009426]],[[8.427677,49.009411],[8.427909,49.009366]],[[8.429406,49.007454],[8.42983,49.007373]],[[8.429966,49.007467],[8.430283,49.00741]],[[8.430495,49.007346],[8.430461,49.007258]]]}}},{"type":"Feature","geometry":{"type":"Point","coordinates":[8.401279,49.004793]},"properties":{"id":"2023V6394","titel":"Beiertheimer Allee Haus 2 und Haus 1 bis 9","art":"Bauliche Sondernutzung","artCode":"Bauliche Sondernutzung","artKnown":true,"info":null,"von":"2024-12-31","bis":"2026-12-31","verursacher":"Privat","ampel":"voll","ampelLabel":"Vollsperrung","verkehrsmittel":{"fuss":false,"rad":false,"auto":true,"oepnv":false},"area":{"type":"Polygon","coordinates":[[[8.400287,49.005311],[8.400275,49.005303],[8.400188,49.005301],[8.400184,49.004859],[8.400255,49.004842],[8.400256,49.00439],[8.400374,49.004389],[8.400378,49.004096],[8.400806,49.004098],[8.400813,49.004142],[8.400923,49.004165],[8.40098,49.004112],[8.40101,49.004144],[8.401181,49.00422],[8.401763,49.004498],[8.402167,49.004694],[8.40229,49.004697],[8.402332,49.004687],[8.402536,49.004687],[8.402577,49.004766],[8.402656,49.004763],[8.402671,49.004708],[8.402856,49.004706],[8.402886,49.00509],[8.402143,49.005088],[8.402148,49.005232],[8.40216,49.005277],[8.401631,49.005275],[8.401385,49.005275],[8.401385,49.005236],[8.401183,49.00524],[8.400932,49.005243],[8.400932,49.005271],[8.400787,49.005273],[8.400634,49.005281],[8.400287,49.005311]]]}}},{"type":"Feature","geometry":{"type":"Point","coordinates":[8.40241,49.010313]},"properties":{"id":"2024V4193","titel":"Zirkel zw. Ritterstraße und Lammstraße","art":"Bauliche Sondernutzung","artCode":"Bauliche Sondernutzung","artKnown":true,"info":"Durchfahrt für Baustellen u. Anlieger im 1-Richtungsverkehr frei, Radverkehr in beiden Richtungen frei","von":"2024-04-14","bis":"2026-10-14","verursacher":"Privat","ampel":"teil","ampelLabel":"Teilsperrung","verkehrsmittel":{"fuss":false,"rad":false,"auto":true,"oepnv":false},"area":{"type":"Polygon","coordinates":[[[8.402241,49.009775],[8.402275,49.009755],[8.402632,49.009736],[8.402728,49.009984],[8.402759,49.009982],[8.402852,49.01025],[8.402373,49.010347],[8.401838,49.010499],[8.401682,49.010291],[8.40168,49.010237],[8.401851,49.01044],[8.40233,49.010302],[8.40279,49.010219],[8.40261,49.009759],[8.402241,49.009775]]]}}},{"type":"Feature","geometry":{"type":"Point","coordinates":[8.33034,49.004924]},"properties":{"id":"2024V5526","titel":"Rappenwörtstraße zw. Hammweg u. Pfalzstraße","art":"Haltestellenumbau mit Straßenumgestaltung","artCode":"Haltestellenumbau mit Straßenumgestaltung","artKnown":true,"info":null,"von":"2026-08-16","bis":"2027-06-22","verursacher":"Verkehrsbetriebe Karlsruhe","ampel":"voll","ampelLabel":"Vollsperrung","verkehrsmittel":{"fuss":false,"rad":false,"auto":false,"oepnv":true},"area":{"type":"Polygon","coordinates":[[[8.329454,49.004583],[8.329506,49.004526],[8.329776,49.004643],[8.330311,49.004873],[8.330586,49.004992],[8.330819,49.005092],[8.331105,49.005215],[8.331227,49.005266],[8.331168,49.00532],[8.331084,49.005283],[8.330939,49.005222],[8.330742,49.005136],[8.330351,49.004968],[8.330087,49.004853],[8.329707,49.00469],[8.329454,49.004583]]]}}},{"type":"Feature","geometry":{"type":"Point","coordinates":[8.423613,49.017219]},"properties":{"id":"2024V6753","titel":"Werthmannstraße zw. Klosterweg und Pastor-Felke-Straße","art":"Fernwärmeversorgung","artCode":"Fernwärmeversorgung","artKnown":true,"info":"Abwicklung in mehreren Bauabschnitten, Aufteilung nicht vorgenommen","von":"2026-08-17","bis":"2026-12-24","verursacher":"Stadtwerke Karlsruhe","ampel":"teil","ampelLabel":"Teilsperrung","verkehrsmittel":{"fuss":false,"rad":false,"auto":true,"oepnv":false},"area":{"type":"Polygon","coordinates":[[[8.42228,49.017091],[8.423687,49.017222],[8.423856,49.017117],[8.423865,49.017041],[8.423919,49.017039],[8.423938,49.016578],[8.423897,49.01658],[8.423873,49.016475],[8.423882,49.016474],[8.423903,49.016573],[8.423958,49.016572],[8.423947,49.016712],[8.423943,49.016811],[8.423935,49.016973],[8.423933,49.017049],[8.423878,49.01705],[8.423865,49.017128],[8.423692,49.01723],[8.422279,49.0171],[8.42228,49.017091]]]}}},{"type":"Feature","geometry":{"type":"Point","coordinates":[8.399689,49.011714]},"properties":{"id":"2024V3775","titel":"Hans-Thoma-Straße zwischen Stephanienstraße und Waldstraße, Schlossplatz/Herrenstraße","art":"Bauliche Sondernutzung","artCode":"Bauliche Sondernutzung","artKnown":true,"info":"Geänderte Verkehrsführung im Zuge von Baumaßnahmen","von":"2024-07-14","bis":"2028-12-31","verursacher":"Vermögen und Bau","ampel":"teil","ampelLabel":"Teilsperrung","verkehrsmittel":{"fuss":false,"rad":false,"auto":true,"oepnv":false},"area":{"type":"Polygon","coordinates":[[[8.398816,49.012717],[8.398888,49.012609],[8.398991,49.012448],[8.399134,49.012248],[8.399237,49.01212],[8.399195,49.012107],[8.399274,49.012015],[8.399357,49.011923],[8.399704,49.011642],[8.399842,49.011542],[8.399905,49.011501],[8.399984,49.011474],[8.400062,49.011477],[8.40013,49.011493],[8.40013,49.011493],[8.400132,49.011494],[8.400147,49.011498],[8.400143,49.0115],[8.400402,49.011649],[8.400658,49.011794],[8.400799,49.011792],[8.40096,49.011713],[8.401284,49.011523],[8.401424,49.011452],[8.40146,49.011461],[8.401496,49.01146],[8.401534,49.011444],[8.401561,49.01143],[8.401593,49.011463],[8.40092,49.011813],[8.400802,49.011838],[8.400689,49.01183],[8.400615,49.011817],[8.400506,49.011749],[8.400293,49.011628],[8.400094,49.011528],[8.400084,49.011533],[8.400022,49.011517],[8.399781,49.011719],[8.399758,49.011719],[8.399648,49.011803],[8.399655,49.011816],[8.399418,49.012028],[8.398929,49.012733],[8.398816,49.012717]]]}}},{"type":"Feature","geometry":{"type":"Point","coordinates":[8.501192,49.005914]},"properties":{"id":"2024V6908","titel":"An der pfinz zw. \"Sauerbrücke\"/ Freidrichstraße und Im Gässle","art":"Stützwand","artCode":"Stützwand","artKnown":true,"info":null,"von":"2026-04-19","bis":"2026-12-30","verursacher":"Land  Baden - Württemberg","ampel":"voll","ampelLabel":"Vollsperrung","verkehrsmittel":{"fuss":false,"rad":false,"auto":true,"oepnv":false},"area":{"type":"Polygon","coordinates":[[[8.499985,49.005941],[8.499911,49.005879],[8.500613,49.005888],[8.500981,49.005891],[8.501701,49.005868],[8.502021,49.005829],[8.502178,49.005809],[8.502192,49.005953],[8.501948,49.005956],[8.501678,49.005962],[8.501151,49.005969],[8.50069,49.005955],[8.500122,49.005951],[8.500029,49.005989],[8.499985,49.005941]]]}}},{"type":"Feature","geometry":{"type":"Point","coordinates":[8.33492,49.004047]},"properties":{"id":"2024V7408","titel":"Pfalzstraße, Kirschstraße, Hördtstraße, Krämerstraße, Langenackerstraße, Turnerstraße,","art":"Strom bzw. TK-Versorgung","artCode":"Strom bzw. TK-Versorgung","artKnown":true,"info":null,"von":"2026-08-09","bis":"2026-10-16","verursacher":"Telekommunikation","ampel":"teil","ampelLabel":"Teilsperrung","verkehrsmittel":{"fuss":false,"rad":false,"auto":true,"oepnv":false},"area":{"type":"MultiLineString","coordinates":[[[8.334307,49.00503],[8.334222,49.005047]],[[8.334222,49.005047],[8.33421,49.005025]],[[8.334408,49.005004],[8.334468,49.004994]],[[8.334468,49.004994],[8.334459,49.004971]],[[8.335269,49.004875],[8.335238,49.004851]],[[8.335238,49.004851],[8.33526,49.004834]],[[8.33526,49.004834],[8.335253,49.004799]],[[8.334993,49.004884],[8.335072,49.004856]],[[8.335072,49.004856],[8.335067,49.004842]],[[8.335388,49.004802],[8.335376,49.004775]],[[8.335509,49.004775],[8.335574,49.00476]],[[8.335574,49.00476],[8.335563,49.004735]],[[8.335745,49.004724],[8.335622,49.004751]],[[8.335622,49.004751],[8.33561,49.004725]],[[8.33592,49.004684],[8.335999,49.004667]],[[8.335999,49.004667],[8.335985,49.004642]],[[8.333291,49.004352],[8.33335,49.004393]],[[8.33335,49.004393],[8.333326,49.00441]],[[8.333494,49.004513],[8.333433,49.004466]],[[8.333433,49.004466],[8.333414,49.004477]],[[8.333566,49.004559],[8.3336,49.004592]],[[8.3336,49.004592],[8.33358,49.004603]],[[8.333678,49.004651],[8.333654,49.00466]],[[8.333778,49.004722],[8.333757,49.004737]],[[8.333876,49.004794],[8.333853,49.004807]],[[8.333964,49.004861],[8.333949,49.004873]],[[8.333949,49.004873],[8.333943,49.004876]],[[8.334048,49.004919],[8.33402,49.004933]],[[8.334239,49.004897],[8.334314,49.004879]],[[8.334314,49.004879],[8.334321,49.004891]],[[8.334559,49.004782],[8.334419,49.004848]],[[8.334419,49.004848],[8.334434,49.004868]],[[8.334436,49.004687],[8.33446,49.004671]],[[8.334349,49.004619],[8.334373,49.0046]],[[8.334267,49.004554],[8.334293,49.004538]],[[8.334176,49.004481],[8.3342,49.004465]],[[8.334075,49.004409],[8.334102,49.00439]],[[8.33398,49.004333],[8.334007,49.004316]],[[8.33352,49.004171],[8.333478,49.004197]],[[8.333478,49.004197],[8.333454,49.00418]],[[8.333689,49.004111],[8.333751,49.00416]],[[8.333751,49.00416],[8.33378,49.004142]],[[8.333141,49.004131],[8.333088,49.004162]],[[8.333088,49.004162],[8.333103,49.004171]],[[8.333283,49.004044],[8.333299,49.004055]],[[8.333867,49.004019],[8.333941,49.004077]],[[8.333941,49.004077],[8.33392,49.004089]],[[8.334071,49.004184],[8.334121,49.004221]],[[8.334121,49.004221],[8.334101,49.004232]],[[8.334214,49.004296],[8.334149,49.004244]],[[8.334149,49.004244],[8.33413,49.004253]],[[8.334301,49.004364],[8.334347,49.004398]],[[8.334347,49.004398],[8.334326,49.004409]],[[8.334438,49.004459],[8.334374,49.004416]],[[8.334374,49.004416],[8.334354,49.004427]],[[8.334503,49.004521],[8.334484,49.004531]],[[8.334674,49.004649],[8.334709,49.004679]],[[8.334709,49.004679],[8.334688,49.00469]],[[8.334594,49.004584],[8.334569,49.004598]],[[8.334809,49.004755],[8.334749,49.004711]],[[8.334749,49.004711],[8.33473,49.004722]],[[8.334984,49.004738],[8.334989,49.004749]],[[8.335119,49.004706],[8.335121,49.004721]],[[8.335256,49.004682],[8.335259,49.004691]],[[8.335403,49.004645],[8.335412,49.004659]],[[8.335702,49.004568],[8.335608,49.004467]],[[8.335608,49.004467],[8.335554,49.004486]],[[8.335278,49.00443],[8.335308,49.004459]],[[8.335308,49.004459],[8.335334,49.004449]],[[8.335509,49.004408],[8.335546,49.004446]],[[8.335546,49.004446],[8.335524,49.004455]],[[8.335453,49.004324],[8.33541,49.004277]],[[8.33541,49.004277],[8.335369,49.004291]],[[8.335347,49.004234],[8.335372,49.004265]],[[8.335372,49.004265],[8.335351,49.004272]],[[8.335223,49.004366],[8.335168,49.00431]],[[8.335168,49.00431],[8.335192,49.004299]],[[8.33512,49.004264],[8.335072,49.004216]],[[8.335072,49.004216],[8.335098,49.004198]],[[8.334985,49.004118],[8.335035,49.004174]],[[8.335035,49.004174],[8.335063,49.004163]],[[8.33492,49.004047],[8.33487,49.003992]],[[8.33487,49.003992],[8.334892,49.003983]],[[8.335293,49.00417],[8.33526,49.004176]],[[8.335224,49.004108],[8.335203,49.004116]],[[8.335159,49.004039],[8.335137,49.004046]],[[8.335099,49.003967],[8.335065,49.00397]],[[8.334811,49.003943],[8.334838,49.003973]],[[8.334838,49.003973],[8.334871,49.003961]],[[8.334987,49.003855],[8.335027,49.003896]],[[8.335027,49.003896],[8.335005,49.003906]],[[8.334751,49.003876],[8.33478,49.003863]],[[8.334927,49.003766],[8.334875,49.003704]],[[8.334875,49.003704],[8.334829,49.003722]],[[8.334405,49.00377],[8.334346,49.003797]],[[8.334346,49.003797],[8.334321,49.003768]],[[8.334618,49.003781],[8.334581,49.003737]],[[8.334581,49.003737],[8.334638,49.003714]],[[8.334822,49.003588],[8.334888,49.003655]],[[8.334888,49.003655],[8.334801,49.003691]],[[8.335147,49.003462],[8.335089,49.003486]],[[8.335089,49.003486],[8.335067,49.00346]],[[8.335257,49.003418],[8.335324,49.003488]],[[8.335324,49.003488],[8.335403,49.003458]],[[8.335499,49.003592],[8.335419,49.003504]],[[8.335419,49.003504],[8.335441,49.003496]],[[8.335571,49.003677],[8.335597,49.003666]],[[8.335653,49.003763],[8.33568,49.003752]],[[8.335723,49.003845],[8.335755,49.003833]],[[8.335782,49.003906],[8.335812,49.003895]],[[8.335841,49.003962],[8.335864,49.003988]],[[8.335864,49.003988],[8.335892,49.003978]],[[8.336085,49.004442],[8.336004,49.00447]],[[8.336004,49.00447],[8.336043,49.004513]],[[8.335992,49.004122],[8.336022,49.004156]],[[8.336022,49.004156],[8.336047,49.004146]],[[8.335932,49.004058],[8.335893,49.004012]],[[8.335893,49.004012],[8.335915,49.004004]],[[8.336572,49.004386],[8.336693,49.004366]],[[8.336693,49.004366],[8.336707,49.0044]],[[8.336813,49.004355],[8.336739,49.004368]],[[8.336739,49.004368],[8.336747,49.004393]],[[8.336933,49.004336],[8.337012,49.004323]],[[8.337012,49.004323],[8.337021,49.004349]],[[8.336231,49.004105],[8.336156,49.004017]],[[8.336156,49.004017],[8.336119,49.00403]],[[8.336101,49.003968],[8.336123,49.003996]],[[8.336123,49.003996],[8.336097,49.004005]],[[8.336035,49.003902],[8.335956,49.003799]],[[8.335956,49.003799],[8.335919,49.003813]],[[8.335834,49.00364],[8.335787,49.003585]],[[8.335787,49.003585],[8.335782,49.003584]],[[8.335782,49.003584],[8.335769,49.003585]],[[8.335769,49.003585],[8.335719,49.003599]],[[8.335719,49.003599],[8.335718,49.0036]],[[8.335898,49.003705],[8.335928,49.003733]],[[8.335928,49.003733],[8.335867,49.003757]],[[8.335737,49.003528],[8.335765,49.00356]],[[8.335765,49.00356],[8.335703,49.003583]],[[8.33568,49.003469],[8.335637,49.003417]],[[8.335637,49.003417],[8.335571,49.003441]],[[8.335541,49.003329],[8.335606,49.003402]],[[8.335606,49.003402],[8.335555,49.003422]],[[8.335819,49.003216],[8.335745,49.003206]],[[8.335745,49.003206],[8.335727,49.003194]],[[8.336051,49.003141],[8.335974,49.003173]],[[8.335974,49.003173],[8.335926,49.003114]],[[8.333676,49.003835],[8.333771,49.003792]],[[8.333771,49.003792],[8.333781,49.003803]],[[8.333859,49.00375],[8.333798,49.003775]],[[8.333798,49.003775],[8.333812,49.00379]],[[8.334005,49.003669],[8.33403,49.003697]],[[8.334158,49.003614],[8.334101,49.003644]],[[8.334101,49.003644],[8.334115,49.00366]],[[8.334249,49.003536],[8.334184,49.003487]],[[8.334184,49.003487],[8.334207,49.003473]],[[8.33454,49.003467],[8.334448,49.003368]],[[8.334448,49.003368],[8.334287,49.00341]],[[8.334715,49.003398],[8.334724,49.003409]],[[8.334847,49.003345],[8.334852,49.003356]],[[8.335012,49.003266],[8.335027,49.003278]],[[8.334142,49.00388],[8.334088,49.003907]],[[8.334088,49.003907],[8.334056,49.003879]],[[8.334242,49.00384],[8.33431,49.003809]],[[8.33431,49.003809],[8.334288,49.00378]],[[8.335537,49.003024],[8.335452,49.003055]],[[8.335452,49.003055],[8.335496,49.003107]],[[8.335951,49.002827],[8.335842,49.002896]],[[8.335842,49.002896],[8.335892,49.002949]],[[8.333395,49.004252],[8.333452,49.004216]],[[8.333452,49.004216],[8.333427,49.004195]],[[8.334328,49.004903],[8.334418,49.004883]],[[8.334418,49.004883],[8.334439,49.004878]],[[8.334439,49.004878],[8.334656,49.004829]],[[8.334656,49.004829],[8.334661,49.004822]],[[8.334661,49.004822],[8.334654,49.004804]],[[8.334654,49.004804],[8.334471,49.004664]],[[8.334471,49.004664],[8.334382,49.004594]],[[8.334382,49.004594],[8.334303,49.004534]],[[8.334303,49.004534],[8.334211,49.004459]],[[8.334211,49.004459],[8.334115,49.004383]],[[8.334115,49.004383],[8.334021,49.004309]],[[8.334021,49.004309],[8.333793,49.004136]],[[8.334209,49.005021],[8.334274,49.005007]],[[8.334274,49.005007],[8.334331,49.004995]],[[8.334331,49.004995],[8.334458,49.004968]],[[8.333818,49.004019],[8.333909,49.004096]],[[8.333909,49.004096],[8.334093,49.004235]],[[8.334093,49.004235],[8.334123,49.004257]],[[8.334123,49.004257],[8.334318,49.004413]],[[8.334318,49.004413],[8.334345,49.004434]],[[8.334345,49.004434],[8.334472,49.004537]],[[8.334472,49.004537],[8.334557,49.004604]],[[8.334557,49.004604],[8.334675,49.004697]],[[8.334675,49.004697],[8.334717,49.00473]],[[8.334786,49.003697],[8.334814,49.003727]],[[8.335038,49.003428],[8.335256,49.00334]],[[8.335256,49.00334],[8.335301,49.003346]],[[8.335301,49.003346],[8.335324,49.003357]],[[8.335324,49.003357],[8.335346,49.003373]],[[8.336708,49.004401],[8.336555,49.004426]],[[8.336555,49.004426],[8.336495,49.004435]],[[8.336495,49.004435],[8.336486,49.004435]],[[8.336486,49.004435],[8.336109,49.004034]],[[8.336109,49.004034],[8.336085,49.004009]],[[8.336085,49.004009],[8.335906,49.003818]],[[8.335906,49.003818],[8.335854,49.003762]],[[8.335854,49.003762],[8.335706,49.003604]],[[8.335706,49.003604],[8.335691,49.003588]],[[8.335691,49.003588],[8.33556,49.003445]],[[8.33556,49.003445],[8.335543,49.003427]],[[8.337022,49.00435],[8.336748,49.004395]],[[8.336748,49.004395],[8.336708,49.004401]],[[8.333112,49.004177],[8.333312,49.004063]],[[8.333784,49.003807],[8.333818,49.003792]],[[8.333818,49.003792],[8.334036,49.0037]],[[8.334036,49.0037],[8.334125,49.00367]],[[8.334125,49.00367],[8.334148,49.003655]],[[8.334148,49.003655],[8.334204,49.003624]],[[8.334204,49.003624],[8.334233,49.003608]],[[8.334727,49.00341],[8.334854,49.003359]],[[8.334854,49.003359],[8.334877,49.003349]],[[8.334877,49.003349],[8.334918,49.003333]],[[8.334918,49.003333],[8.334939,49.003325]],[[8.335918,49.003106],[8.335719,49.003185]],[[8.335897,49.002955],[8.335707,49.003035]],[[8.335707,49.003035],[8.335618,49.003072]],[[8.335618,49.003072],[8.335507,49.003117]],[[8.33402,49.004933],[8.334014,49.004936]],[[8.333943,49.004876],[8.333938,49.00488]],[[8.333853,49.004807],[8.333847,49.004812]],[[8.333757,49.004737],[8.333752,49.00474]],[[8.333654,49.00466],[8.33365,49.004662]],[[8.33358,49.004603],[8.333574,49.004606]],[[8.333414,49.004477],[8.333408,49.004482]],[[8.333326,49.00441],[8.333319,49.004414]],[[8.333103,49.004171],[8.333112,49.004177]],[[8.333299,49.004055],[8.333312,49.004063]],[[8.333427,49.004195],[8.33339,49.004172]],[[8.333454,49.00418],[8.333416,49.004156]],[[8.33378,49.004142],[8.333793,49.004136]],[[8.33392,49.004089],[8.333909,49.004096]],[[8.334007,49.004316],[8.334021,49.004309]],[[8.334102,49.00439],[8.334115,49.004383]],[[8.3342,49.004465],[8.334211,49.004459]],[[8.334293,49.004538],[8.334303,49.004534]],[[8.334373,49.0046],[8.334382,49.004594]],[[8.33446,49.004671],[8.334471,49.004664]],[[8.334321,49.004891],[8.334328,49.004903]],[[8.334434,49.004868],[8.334439,49.004878]],[[8.33421,49.005025],[8.334209,49.005021]],[[8.334459,49.004971],[8.334458,49.004968]],[[8.335067,49.004842],[8.33506,49.004833]],[[8.335253,49.004799],[8.335251,49.004794]],[[8.335376,49.004775],[8.335374,49.004767]],[[8.335985,49.004642],[8.335981,49.004634]],[[8.33561,49.004725],[8.335606,49.004718]],[[8.335563,49.004735],[8.335559,49.004728]],[[8.334989,49.004749],[8.33499,49.004753]],[[8.335121,49.004721],[8.335123,49.004725]],[[8.335259,49.004691],[8.335261,49.004695]],[[8.335412,49.004659],[8.335415,49.004663]],[[8.335554,49.004486],[8.335541,49.004491]],[[8.335524,49.004455],[8.335512,49.00446]],[[8.335334,49.004449],[8.335347,49.004444]],[[8.335369,49.004291],[8.335355,49.004297]],[[8.335192,49.004299],[8.3352,49.004296]],[[8.335351,49.004272],[8.335334,49.004278]],[[8.33526,49.004176],[8.335243,49.004182]],[[8.335098,49.004198],[8.335109,49.004193]],[[8.335063,49.004163],[8.335076,49.004158]],[[8.335203,49.004116],[8.335188,49.004122]],[[8.335137,49.004046],[8.33512,49.004053]],[[8.334892,49.003983],[8.334906,49.003979]],[[8.335005,49.003906],[8.33499,49.003912]],[[8.334871,49.003961],[8.334884,49.003955]],[[8.33478,49.003863],[8.334793,49.003859]],[[8.334829,49.003722],[8.334814,49.003727]],[[8.334638,49.003714],[8.334644,49.003711]],[[8.334801,49.003691],[8.334786,49.003697]],[[8.334056,49.003879],[8.334028,49.003849]],[[8.334288,49.00378],[8.334263,49.003751]],[[8.334321,49.003768],[8.334295,49.003738]],[[8.333781,49.003803],[8.333784,49.003807]],[[8.333812,49.00379],[8.333818,49.003792]],[[8.33403,49.003697],[8.334036,49.0037]],[[8.334115,49.00366],[8.334125,49.00367]],[[8.334724,49.003409],[8.334727,49.00341]],[[8.334852,49.003356],[8.334854,49.003359]],[[8.335027,49.003278],[8.335029,49.003279]],[[8.335067,49.00346],[8.335038,49.003428]],[[8.335403,49.003458],[8.335419,49.003452]],[[8.335727,49.003194],[8.335719,49.003185]],[[8.335926,49.003114],[8.335918,49.003106]],[[8.335892,49.002949],[8.335897,49.002955]],[[8.335496,49.003107],[8.335507,49.003117]],[[8.335555,49.003422],[8.335543,49.003427]],[[8.335571,49.003441],[8.33556,49.003445]],[[8.335441,49.003496],[8.335455,49.003491]],[[8.335703,49.003583],[8.335691,49.003588]],[[8.335718,49.0036],[8.335706,49.003604]],[[8.335597,49.003666],[8.335613,49.003659]],[[8.33568,49.003752],[8.335695,49.003746]],[[8.335867,49.003757],[8.335854,49.003762]],[[8.335755,49.003833],[8.335771,49.003827]],[[8.335919,49.003813],[8.335906,49.003818]],[[8.335812,49.003895],[8.335829,49.003889]],[[8.335892,49.003978],[8.335905,49.003974]],[[8.335915,49.004004],[8.33593,49.003997]],[[8.336097,49.004005],[8.336085,49.004009]],[[8.336119,49.00403],[8.336109,49.004034]],[[8.336047,49.004146],[8.336065,49.00414]],[[8.337021,49.004349],[8.337022,49.00435]],[[8.336747,49.004393],[8.336748,49.004395]],[[8.336707,49.0044],[8.336708,49.004401]],[[8.334101,49.004232],[8.334093,49.004235]],[[8.33413,49.004253],[8.334123,49.004257]],[[8.334326,49.004409],[8.334318,49.004413]],[[8.334354,49.004427],[8.334345,49.004434]],[[8.334484,49.004531],[8.334472,49.004537]],[[8.334569,49.004598],[8.334557,49.004604]],[[8.334688,49.00469],[8.334675,49.004697]],[[8.33473,49.004722],[8.334717,49.00473]],[[8.335065,49.00397],[8.335049,49.003977]],[[8.334231,49.003606],[8.334233,49.003608]],[[8.334727,49.00341],[8.334442,49.003525]],[[8.334442,49.003525],[8.334421,49.003517]],[[8.334421,49.003517],[8.334398,49.0035]],[[8.334313,49.003545],[8.334398,49.0035]],[[8.335038,49.003428],[8.334989,49.003376]],[[8.334989,49.003376],[8.334939,49.003325]],[[8.335719,49.003185],[8.335538,49.003262]],[[8.335538,49.003262],[8.335482,49.003282]],[[8.335482,49.003282],[8.335447,49.003296]],[[8.335447,49.003296],[8.335439,49.003301]],[[8.335439,49.003301],[8.335437,49.003308]],[[8.335437,49.003308],[8.335442,49.003317]],[[8.335442,49.003317],[8.335455,49.003331]],[[8.335719,49.003185],[8.335668,49.003128]],[[8.335668,49.003128],[8.335618,49.003072]],[[8.334204,49.003624],[8.334263,49.003676]],[[8.334263,49.003676],[8.334321,49.003727]],[[8.333803,49.004008],[8.333751,49.004037]],[[8.333751,49.004037],[8.3337,49.004066]],[[8.334458,49.004968],[8.334438,49.004925]],[[8.334438,49.004925],[8.334418,49.004883]],[[8.333312,49.004063],[8.333373,49.004105]],[[8.333373,49.004105],[8.333433,49.004147]],[[8.335346,49.003373],[8.3354,49.003352]],[[8.3354,49.003352],[8.335455,49.003331]],[[8.335541,49.004491],[8.335655,49.00461]],[[8.335655,49.00461],[8.336012,49.004531]],[[8.336012,49.004531],[8.336049,49.004521]],[[8.336043,49.004513],[8.336049,49.004521]],[[8.334786,49.003697],[8.334731,49.003721]],[[8.334731,49.003721],[8.334676,49.003745]],[[8.335521,49.00464],[8.335547,49.004682]],[[8.335547,49.004682],[8.335573,49.004725]],[[8.334233,49.003608],[8.334326,49.003556]],[[8.334326,49.003556],[8.334313,49.003545]],[[8.334313,49.003545],[8.334213,49.00347]],[[8.334347,49.003715],[8.334295,49.003738]],[[8.334295,49.003738],[8.334263,49.003751]],[[8.334263,49.003751],[8.334028,49.003849]],[[8.334028,49.003849],[8.333789,49.00395]],[[8.333789,49.00395],[8.333781,49.003979]],[[8.333781,49.003979],[8.333786,49.003994]],[[8.333786,49.003994],[8.333803,49.004008]],[[8.334676,49.003745],[8.334644,49.003711]],[[8.334644,49.003711],[8.334631,49.003698]],[[8.334631,49.003698],[8.334579,49.003649]],[[8.334579,49.003649],[8.334521,49.003642]],[[8.334521,49.003642],[8.334347,49.003715]],[[8.334814,49.003727],[8.33499,49.003912]],[[8.33499,49.003912],[8.335049,49.003977]],[[8.335049,49.003977],[8.33512,49.004053]],[[8.33512,49.004053],[8.335188,49.004122]],[[8.335188,49.004122],[8.335243,49.004182]],[[8.335243,49.004182],[8.335334,49.004278]],[[8.335334,49.004278],[8.335355,49.004297]],[[8.335355,49.004297],[8.335512,49.00446]],[[8.335512,49.00446],[8.335541,49.004491]],[[8.335347,49.004444],[8.3352,49.004296]],[[8.3352,49.004296],[8.335109,49.004193]],[[8.335109,49.004193],[8.335076,49.004158]],[[8.335076,49.004158],[8.334906,49.003979]],[[8.334906,49.003979],[8.334884,49.003955]],[[8.334884,49.003955],[8.334793,49.003859]],[[8.334793,49.003859],[8.334676,49.003745]],[[8.33499,49.004753],[8.335123,49.004725]],[[8.335123,49.004725],[8.335261,49.004695]],[[8.335261,49.004695],[8.335415,49.004663]],[[8.335415,49.004663],[8.335521,49.00464]],[[8.335573,49.004725],[8.335606,49.004718]],[[8.335606,49.004718],[8.335933,49.004648]],[[8.335933,49.004648],[8.335955,49.004642]],[[8.335955,49.004642],[8.335981,49.004634]],[[8.335077,49.004998],[8.334954,49.004904]],[[8.334954,49.004904],[8.334938,49.004892]],[[8.334938,49.004892],[8.334918,49.004875]],[[8.334918,49.004875],[8.33492,49.004871]],[[8.33492,49.004871],[8.334929,49.004863]],[[8.334929,49.004863],[8.334979,49.00485]],[[8.334979,49.00485],[8.33506,49.004833]],[[8.333803,49.004008],[8.333818,49.004019]],[[8.333793,49.004136],[8.33369,49.004058]],[[8.33369,49.004058],[8.333675,49.004049]],[[8.333675,49.004049],[8.333659,49.004043]],[[8.333659,49.004043],[8.33363,49.004041]],[[8.33363,49.004041],[8.333601,49.004045]],[[8.333601,49.004045],[8.333433,49.004147]],[[8.333433,49.004147],[8.333416,49.004156]],[[8.333416,49.004156],[8.33339,49.004172]],[[8.33339,49.004172],[8.333287,49.004232]],[[8.333287,49.004232],[8.333185,49.004293]],[[8.333185,49.004293],[8.333177,49.004299]],[[8.333177,49.004299],[8.333214,49.004336]],[[8.333214,49.004336],[8.333319,49.004414]],[[8.333319,49.004414],[8.333408,49.004482]],[[8.333408,49.004482],[8.333574,49.004606]],[[8.333574,49.004606],[8.33365,49.004662]],[[8.33365,49.004662],[8.333752,49.00474]],[[8.333752,49.00474],[8.333847,49.004812]],[[8.333847,49.004812],[8.333938,49.00488]],[[8.333938,49.00488],[8.334014,49.004936]],[[8.334398,49.0035],[8.334283,49.003413]],[[8.334939,49.003325],[8.335029,49.003279]],[[8.335346,49.003373],[8.335419,49.003452]],[[8.335419,49.003452],[8.335455,49.003491]],[[8.335455,49.003491],[8.335613,49.003659]],[[8.335613,49.003659],[8.335695,49.003746]],[[8.335695,49.003746],[8.335771,49.003827]],[[8.335771,49.003827],[8.335829,49.003889]],[[8.335829,49.003889],[8.335905,49.003974]],[[8.335905,49.003974],[8.33593,49.003997]],[[8.33593,49.003997],[8.336065,49.00414]],[[8.335455,49.003331],[8.335543,49.003427]],[[8.33506,49.004833],[8.335251,49.004794]],[[8.335251,49.004794],[8.335374,49.004767]],[[8.335374,49.004767],[8.335547,49.004731]],[[8.335547,49.004731],[8.335559,49.004728]],[[8.335559,49.004728],[8.335573,49.004725]],[[8.335521,49.00464],[8.335347,49.004444]]]}}},{"type":"Feature","geometry":{"type":"Point","coordinates":[8.384451,49.034708]},"properties":{"id":"2024V7469","titel":"Gebietsausbau: Schehenweg, Rosmarinweg, Heideweg, Alter Postweg, Salbeiweg, Flughafenstraße, Weißdornweg, Am Wald, Klammweg","art":"Strom bzw. TK-Versorgung","artCode":"Strom bzw. TK-Versorgung","artKnown":true,"info":"Arbeitsstelle im Geh-, und Radwegbereich, Abwicklung in mehreren Bauabschnitten, Straßenquerungen = lokale Engstelle wechselseitig","von":"2026-01-18","bis":"2026-12-22","verursacher":"Stadtwerke Karlsruhe","ampel":"teil","ampelLabel":"Teilsperrung","verkehrsmittel":{"fuss":false,"rad":true,"auto":false,"oepnv":false},"area":{"type":"MultiLineString","coordinates":[[[8.38228,49.034526],[8.382754,49.034815]],[[8.380415,49.03598],[8.380424,49.03599],[8.381159,49.036434],[8.382131,49.037019],[8.382604,49.037305],[8.382657,49.037305],[8.382818,49.037443],[8.382845,49.037446],[8.382978,49.037525],[8.382969,49.037616],[8.383266,49.037787],[8.383386,49.037716]],[[8.384345,49.033063],[8.384682,49.033272]],[[8.385471,49.032797],[8.385576,49.032713],[8.386002,49.032395],[8.386537,49.032002],[8.386679,49.031901],[8.386599,49.031856]],[[8.383266,49.037787],[8.383656,49.038007],[8.38369,49.038004],[8.383725,49.037993],[8.383799,49.037946]],[[8.380436,49.035972],[8.380379,49.035916]],[[8.382612,49.037511],[8.382672,49.037481]],[[8.382808,49.037496],[8.382864,49.037457]],[[8.38745,49.034286],[8.387537,49.034249],[8.387647,49.034196],[8.387697,49.034067]],[[8.387704,49.034088],[8.387839,49.034],[8.388004,49.033837],[8.38828,49.033575],[8.388661,49.033217],[8.38883,49.033055],[8.389032,49.032869],[8.389153,49.032749],[8.388975,49.032674]],[[8.385505,49.032816],[8.385469,49.032795],[8.385346,49.03288]],[[8.386803,49.034561],[8.385578,49.033813],[8.384757,49.033317],[8.384678,49.033271]],[[8.384401,49.034088],[8.384417,49.034098],[8.384045,49.03437],[8.383975,49.034419],[8.384627,49.034814],[8.38522,49.035174],[8.385629,49.035428]],[[8.382819,49.034756],[8.382741,49.034809],[8.382282,49.035144],[8.382227,49.035175],[8.38217,49.035202],[8.381944,49.035302],[8.381732,49.035395],[8.381597,49.035457],[8.380998,49.035721],[8.380416,49.035981]],[[8.381734,49.035395],[8.381677,49.035337]],[[8.381513,49.03541],[8.381571,49.035468]],[[8.380348,49.036095],[8.380464,49.036014]],[[8.38172,49.035399],[8.381736,49.035434],[8.382026,49.03561],[8.382628,49.035978],[8.383424,49.036465],[8.383843,49.036718],[8.383861,49.036716],[8.384218,49.036503],[8.384365,49.036412],[8.384509,49.036303],[8.384805,49.036075],[8.384794,49.036059],[8.384779,49.036046]],[[8.383752,49.03677],[8.383849,49.036719]],[[8.384802,49.036068],[8.384886,49.03601],[8.38517,49.035793],[8.385411,49.035606],[8.385631,49.035432],[8.38572,49.035366],[8.386164,49.035023],[8.386219,49.03498],[8.386486,49.034787],[8.386795,49.034569],[8.386876,49.03451],[8.387224,49.034277],[8.387348,49.034196],[8.387378,49.034173],[8.387399,49.034143],[8.387404,49.034112],[8.387398,49.034068],[8.387389,49.034027],[8.387372,49.033908],[8.38733,49.033668],[8.387218,49.033188],[8.387094,49.032641],[8.387004,49.032225],[8.386935,49.03188],[8.38691,49.031721],[8.386846,49.031693]],[[8.382881,49.034795],[8.382818,49.034756],[8.38282,49.034744],[8.382881,49.034699],[8.383248,49.034433],[8.38359,49.034181],[8.383975,49.034419]],[[8.388522,49.032428],[8.388955,49.032611],[8.38897,49.032637],[8.388973,49.032675],[8.388949,49.032721],[8.388776,49.03291],[8.388582,49.033127],[8.388534,49.033173],[8.38831,49.033383],[8.387794,49.033874],[8.387903,49.033927]],[[8.389202,49.032766],[8.389152,49.032751]],[[8.387517,49.033374],[8.387533,49.033458],[8.38752,49.033495],[8.387625,49.033956],[8.38768,49.033951],[8.387708,49.033937],[8.387797,49.033873]],[[8.38285,49.037445],[8.382671,49.037481],[8.382656,49.037507],[8.382614,49.037528]],[[8.382657,49.037305],[8.382714,49.037308],[8.383754,49.036775],[8.383751,49.036764],[8.383212,49.036433],[8.382612,49.036065],[8.38186,49.035604],[8.38161,49.035453]],[[8.384046,49.03437],[8.383663,49.034135],[8.383659,49.034124],[8.384315,49.033644],[8.384836,49.033259],[8.385346,49.03288]],[[8.386917,49.031617],[8.386933,49.031692],[8.386917,49.031748],[8.386906,49.03176],[8.386869,49.031768],[8.386809,49.031772],[8.386774,49.031776]],[[8.387266,49.031902],[8.387763,49.032107],[8.388522,49.032429]],[[8.38359,49.034181],[8.383663,49.03413]],[[8.379757,49.035579],[8.379744,49.035589],[8.379866,49.035662],[8.379882,49.035664],[8.379981,49.035726],[8.380275,49.035902],[8.380327,49.035932],[8.380343,49.035933],[8.380361,49.035925],[8.380376,49.035917],[8.380828,49.035713],[8.381381,49.035469],[8.381739,49.03531],[8.382119,49.035142],[8.382179,49.035111],[8.382202,49.035098],[8.382454,49.034913],[8.382661,49.034759],[8.382758,49.034687],[8.383181,49.034376],[8.383737,49.033966],[8.384402,49.033477],[8.384678,49.033271],[8.384763,49.033208],[8.385069,49.032982],[8.385491,49.032671],[8.385922,49.032353],[8.386495,49.031929],[8.386577,49.031873],[8.38662,49.031841],[8.386657,49.031818],[8.386696,49.031799],[8.386737,49.031785],[8.386775,49.031776],[8.386853,49.031687]],[[8.384754,49.033216],[8.384828,49.033264],[8.384884,49.033297],[8.385271,49.033534],[8.385648,49.033764],[8.386016,49.033987],[8.386339,49.034184],[8.386876,49.034511]],[[8.387324,49.034213],[8.387442,49.034288],[8.387699,49.034111],[8.387704,49.034086]]]}}},{"type":"Feature","geometry":{"type":"Point","coordinates":[8.406706,49.00957]},"properties":{"id":"2025V0237","titel":"Kaiserstraße zw. Kronenstraße und adlerstraße","art":"Straßenbau","artCode":"Straßenbau","artKnown":true,"info":null,"von":"2026-05-31","bis":"2026-10-30","verursacher":"Tiefbauamt","ampel":"teil","ampelLabel":"Teilsperrung","verkehrsmittel":{"fuss":false,"rad":false,"auto":true,"oepnv":false},"area":{"type":"Polygon","coordinates":[[[8.406499,49.009722],[8.406607,49.009478],[8.40701,49.009468],[8.407001,49.009532],[8.406728,49.009548],[8.406612,49.009748],[8.406499,49.009722]]]}}},{"type":"Feature","geometry":{"type":"Point","coordinates":[8.407929,49.00947]},"properties":{"id":"2025V0238","titel":"Kaiserstraße zw. Kronenstraße und Adlerstraße","art":"Straßenbau","artCode":"Straßenbau","artKnown":true,"info":null,"von":"2026-09-30","bis":"2027-02-26","verursacher":"Tiefbauamt","ampel":"teil","ampelLabel":"Teilsperrung","verkehrsmittel":{"fuss":false,"rad":false,"auto":true,"oepnv":false},"area":{"type":"Polygon","coordinates":[[[8.407588,49.009512],[8.407577,49.00946],[8.408303,49.009428],[8.408256,49.00948],[8.407588,49.009512]]]}}},{"type":"Feature","geometry":{"type":"Point","coordinates":[8.38722,49.008579]},"properties":{"id":"2025V0778","titel":"Reinhold-Frank-Straße zw. Amalinestraße und Sophienstraße","art":"Kanalbau","artCode":"Kanalbau","artKnown":true,"info":"Höhe Haus Nr 35","von":"2026-10-04","bis":"2026-11-20","verursacher":"Privat","ampel":"teil","ampelLabel":"Teilsperrung","verkehrsmittel":{"fuss":false,"rad":false,"auto":true,"oepnv":false},"area":{"type":"MultiPolygon","coordinates":[[[[8.387164,49.008602],[8.38716,49.008563],[8.387279,49.008558],[8.38728,49.008594],[8.387164,49.008602]]],[[[8.387164,49.008602],[8.38716,49.008563],[8.387279,49.008558],[8.38728,49.008594],[8.387164,49.008602]]]]}}},{"type":"Feature","geometry":{"type":"Point","coordinates":[8.409445,49.012269]},"properties":{"id":"2025V4908","titel":"Engesserstr. 2-6/8-12 und Lehmannstr. 1-3","art":"Fernwärmeversorgung","artCode":"Fernwärmeversorgung","artKnown":true,"info":"Abwicklung in mehreren Bauabschnitten","von":"2026-04-26","bis":"2026-10-08","verursacher":"Stadtwerke Karlsruhe","ampel":"teil","ampelLabel":"Teilsperrung","verkehrsmittel":{"fuss":false,"rad":false,"auto":true,"oepnv":false},"area":{"type":"MultiLineString","coordinates":[[[8.409417,49.012256],[8.409433,49.012273],[8.409458,49.012265],[8.409471,49.012281]],[[8.409827,49.012118],[8.409858,49.012154],[8.409879,49.012145],[8.409892,49.012161],[8.409872,49.012169]],[[8.410315,49.011469],[8.410369,49.011449],[8.410355,49.011435],[8.410378,49.011424],[8.410372,49.011414]]]}}},{"type":"Feature","geometry":{"type":"Point","coordinates":[8.313711,49.011612]},"properties":{"id":"2024V5135","titel":"Koellestraße 10-26 und 13-27a","art":"Strom bzw. TK-Versorgung","artCode":"Strom bzw. TK-Versorgung","artKnown":true,"info":"Abwicklung in mehreren Bauabschnitten, Arbeitsstelle im Geh-, und Radwegbereich, Notgehweg auf der Fahrbahn","von":"2025-06-29","bis":"2026-12-31","verursacher":"Stadtwerke Karlsruhe","ampel":"teil","ampelLabel":"Teilsperrung","verkehrsmittel":{"fuss":true,"rad":true,"auto":true,"oepnv":false},"area":{"type":"Polygon","coordinates":[[[8.311385,49.011647],[8.311392,49.01165],[8.311392,49.01165],[8.311395,49.011652],[8.311403,49.011657],[8.311425,49.011732],[8.311454,49.01175],[8.311566,49.011714],[8.311721,49.011692],[8.311837,49.011691],[8.311909,49.01164],[8.313053,49.011621],[8.313706,49.011603],[8.314041,49.011592],[8.314285,49.011566],[8.314423,49.011548],[8.314601,49.011512],[8.314803,49.011453],[8.314976,49.011405],[8.315427,49.011206],[8.315984,49.010958],[8.315999,49.010971],[8.315652,49.01113],[8.315749,49.011222],[8.315796,49.011208],[8.315801,49.011222],[8.315608,49.011299],[8.315209,49.011484],[8.314875,49.011593],[8.314653,49.011641],[8.314401,49.011695],[8.314182,49.01172],[8.313938,49.011738],[8.313672,49.011746],[8.313231,49.011756],[8.312687,49.011766],[8.311848,49.011785],[8.3117,49.0118],[8.311554,49.011833],[8.311552,49.011812],[8.311604,49.0118],[8.3116,49.011733],[8.311449,49.011776],[8.311388,49.011734],[8.311385,49.011647]],[[8.311634,49.011723],[8.311633,49.011797],[8.311875,49.011769],[8.31216,49.011764],[8.31281,49.01175],[8.313818,49.011727],[8.313802,49.011618],[8.31297,49.011636],[8.312209,49.011656],[8.311933,49.011661],[8.311844,49.011702],[8.311671,49.011713],[8.311634,49.011723]],[[8.313822,49.011618],[8.313842,49.011729],[8.31417,49.01171],[8.314473,49.011665],[8.314819,49.011587],[8.315076,49.011518],[8.315727,49.011232],[8.315633,49.011139],[8.315528,49.011187],[8.314998,49.011409],[8.314781,49.011477],[8.314413,49.011562],[8.314083,49.011607],[8.313858,49.011617],[8.313822,49.011618]]]}}},{"type":"Feature","geometry":{"type":"Point","coordinates":[8.418656,49.009113]},"properties":{"id":"2023V2982","titel":"Bernhardusplatz","art":"Straßenbau","artCode":"Straßenbau","artKnown":true,"info":null,"von":"2025-03-02","bis":"2026-12-31","verursacher":"Gartenbauamt","ampel":"voll","ampelLabel":"Vollsperrung","verkehrsmittel":{"fuss":false,"rad":false,"auto":true,"oepnv":false},"area":{"type":"MultiPolygon","coordinates":[[[[8.417671,49.009054],[8.418029,49.008947],[8.418925,49.008781],[8.419002,49.008819],[8.418896,49.008879],[8.418721,49.009432],[8.417671,49.009054]]],[[[8.418746,49.009441],[8.418916,49.008883],[8.419009,49.008833],[8.419264,49.008784],[8.419236,49.008791],[8.41924,49.008837],[8.419256,49.008948],[8.41918,49.00895],[8.419191,49.009011],[8.419246,49.009012],[8.419261,49.009033],[8.419248,49.009141],[8.419204,49.009254],[8.419158,49.00931],[8.419078,49.009402],[8.419133,49.009424],[8.419005,49.009555],[8.418746,49.009441]]]]}}},{"type":"Feature","geometry":{"type":"Point","coordinates":[8.40571,49.004657]},"properties":{"id":"2025V1542","titel":"Finterstraße zwischen Baumeiserstraße und Ettlinger Straße","art":"Bauliche Sondernutzung","artCode":"Bauliche Sondernutzung","artKnown":true,"info":null,"von":"2025-03-12","bis":"2028-07-31","verursacher":"Vermögen und Bau","ampel":"gering","ampelLabel":"Geringe Behinderung","verkehrsmittel":{"fuss":false,"rad":false,"auto":true,"oepnv":false},"area":{"type":"Polygon","coordinates":[[[8.404023,49.004615],[8.404654,49.004568],[8.405179,49.004108],[8.40515,49.003992],[8.405536,49.004035],[8.407188,49.004212],[8.40713,49.004408],[8.406333,49.004313],[8.406329,49.005391],[8.404982,49.005313],[8.404979,49.005232],[8.405082,49.005073],[8.405271,49.004782],[8.405153,49.004593],[8.404796,49.00467],[8.404037,49.004714],[8.404023,49.004615]]]}}},{"type":"Feature","geometry":{"type":"Point","coordinates":[8.459526,49.022361]},"properties":{"id":"2025V3514","titel":"An der Tagweide zw. Printzsraße und Am Ruschgraben","art":"Strom bzw. TK-Versorgung","artCode":"Strom bzw. TK-Versorgung","artKnown":true,"info":"Arbeitsstellen im Seitenbereich, Abwicklung in mehreren Bauabschnitten als Wanderbaustellen","von":"2025-11-16","bis":"2026-11-30","verursacher":"Stadtwerke Karlsruhe","ampel":"teil","ampelLabel":"Teilsperrung","verkehrsmittel":{"fuss":false,"rad":false,"auto":true,"oepnv":false},"area":{"type":"MultiLineString","coordinates":[[[8.461459,49.024133],[8.461423,49.024151],[8.461372,49.024159],[8.461323,49.024157],[8.461281,49.024141],[8.461206,49.024069],[8.461044,49.023899],[8.460834,49.023687],[8.460633,49.023483],[8.460365,49.023211],[8.460007,49.023349],[8.459838,49.023371],[8.459699,49.023365],[8.459701,49.023389]],[[8.460365,49.023211],[8.460124,49.022967],[8.459866,49.022707],[8.459646,49.02248],[8.459372,49.022206],[8.4591,49.021932],[8.458862,49.021687],[8.458665,49.021488],[8.458326,49.021144],[8.458142,49.020957],[8.458004,49.020835],[8.457929,49.020772],[8.4579,49.02073],[8.457899,49.020703],[8.457954,49.020638],[8.458041,49.020617],[8.458086,49.020606]],[[8.457949,49.020644],[8.457458,49.020808]]]}}},{"type":"Feature","geometry":{"type":"Point","coordinates":[8.451716,49.000955]},"properties":{"id":"2025V3649","titel":"Johann-Strauß-Str./Hans-Pfitzner-Str./Dornwaldstr.","art":"Strom bzw. TK-Versorgung","artCode":"Strom bzw. TK-Versorgung","artKnown":true,"info":"Arbeitsstelle im Geh-, und Radwegbereich, Abwicklung in mehreren Bauabschnitten","von":"2026-09-06","bis":"2027-12-31","verursacher":"Stadtwerke Karlsruhe","ampel":"teil","ampelLabel":"Teilsperrung","verkehrsmittel":{"fuss":false,"rad":true,"auto":false,"oepnv":false},"area":{"type":"MultiLineString","coordinates":[[[8.451346,49.000095],[8.451066,49.000148],[8.450875,49.000182],[8.450827,49.000189]],[[8.451179,49.000126],[8.451222,49.000228],[8.451263,49.000334],[8.451287,49.000385],[8.451328,49.000403],[8.451376,49.000421],[8.451406,49.00049],[8.451512,49.000739],[8.451607,49.000965],[8.451681,49.00113],[8.451779,49.001365],[8.45182,49.001463]],[[8.45312,49.001842],[8.452914,49.001877],[8.452859,49.001882],[8.45278,49.001886],[8.452689,49.001885],[8.45261,49.00188],[8.452497,49.001862],[8.452361,49.001823],[8.452294,49.001795],[8.452179,49.00174],[8.452109,49.001691],[8.452041,49.00163],[8.452,49.001584],[8.451955,49.001515],[8.451926,49.001455],[8.4519,49.001389],[8.451847,49.001266],[8.451803,49.001161],[8.451772,49.001084],[8.451667,49.000844],[8.451596,49.000675],[8.451559,49.000585],[8.451496,49.000436],[8.451412,49.000248],[8.451391,49.000191],[8.451413,49.000166],[8.451424,49.000164]],[[8.451424,49.000164],[8.451392,49.000086],[8.451345,49.000095]]]}}},{"type":"Feature","geometry":{"type":"Point","coordinates":[8.452683,48.999888]},"properties":{"id":"2025V3651","titel":"Dornwaldstraße zw. Hans- Pfitzner-Straße und Lortzingstraße","art":"Strom bzw. TK-Versorgung","artCode":"Strom bzw. TK-Versorgung","artKnown":true,"info":"Arbeitsstelle im Geh-, und Radwegbereich, Straßenquerungen = lokale Engstelle wechselseitig, Abwicklung in mehreren Bauabschnitten","von":"2026-04-14","bis":"2027-02-01","verursacher":"Stadtwerke Karlsruhe","ampel":"teil","ampelLabel":"Teilsperrung","verkehrsmittel":{"fuss":false,"rad":true,"auto":false,"oepnv":false},"area":{"type":"MultiLineString","coordinates":[[[8.453999,48.999829],[8.453979,48.999748],[8.453532,48.999799],[8.453239,48.999827],[8.453249,48.999876],[8.45324,48.999827],[8.452907,48.999864],[8.452367,48.999922],[8.452188,48.99994],[8.451824,49.000007],[8.451424,49.000081],[8.451343,49.000095]],[[8.451392,49.000086],[8.451424,49.000164]]]}}},{"type":"Feature","geometry":{"type":"Point","coordinates":[8.37335,49.029429]},"properties":{"id":"2025V3991","titel":"Gebietsausbau/ Ehlersstr., Kurt-Schumacher-Str., Wilhelm-Kolb-Str.. Stresemannstr","art":"Gas bzw. Wasserversorgung","artCode":"Gas bzw. Wasserversorgung","artKnown":true,"info":"Abwicklung in mehreren Bauabschnitten, Arbeitsstelle im Geh-, und Radwegbereich, Notgehweg auf der Fahrbahn, Straßenquerungen = lokale Engstelle wechselseitig","von":"2026-01-11","bis":"2027-04-01","verursacher":"Stadtwerke Karlsruhe","ampel":"teil","ampelLabel":"Teilsperrung","verkehrsmittel":{"fuss":true,"rad":true,"auto":true,"oepnv":false},"area":{"type":"MultiLineString","coordinates":[[[8.371919,49.028438],[8.37198,49.028435]],[[8.372291,49.029607],[8.3722,49.029611]],[[8.373423,49.031347],[8.373478,49.031344]],[[8.374105,49.031239],[8.374027,49.030506]],[[8.371892,49.028076],[8.371949,49.0282],[8.372421,49.028096],[8.37254,49.028074],[8.372743,49.028034],[8.372946,49.028],[8.372989,49.027983],[8.37307,49.027972],[8.373122,49.027976],[8.373158,49.027971],[8.373177,49.027978],[8.373195,49.027991],[8.373203,49.028013],[8.373234,49.028329],[8.373263,49.0286],[8.373301,49.028951],[8.373335,49.029274],[8.37335,49.029429],[8.373604,49.029417],[8.373596,49.029318],[8.37354,49.029259],[8.373448,49.028485],[8.37343,49.028347],[8.373414,49.02832],[8.373408,49.028272],[8.373425,49.028247],[8.373394,49.027964],[8.373418,49.027932],[8.373582,49.027914],[8.373771,49.027891],[8.373951,49.027873],[8.374226,49.027853],[8.37435,49.027846],[8.374315,49.027694],[8.374523,49.027595],[8.374532,49.027564],[8.374506,49.027294],[8.374424,49.027294]],[[8.373228,49.028274],[8.373211,49.02829],[8.373186,49.0283],[8.372581,49.028437],[8.372446,49.028444]],[[8.372627,49.02911],[8.372655,49.029109],[8.373278,49.028966],[8.373301,49.028954]],[[8.373332,49.029258],[8.373539,49.029249]],[[8.372347,49.030003],[8.372245,49.03001]],[[8.372796,49.031301],[8.37277,49.031048],[8.372719,49.030564]],[[8.373591,49.029312],[8.37409,49.02929],[8.374097,49.029363]],[[8.371948,49.028661],[8.372003,49.028659]],[[8.372286,49.030366],[8.372167,49.029323],[8.37205,49.029112],[8.371958,49.028224],[8.371951,49.028202]],[[8.372039,49.030785],[8.372089,49.030781],[8.37207,49.030613],[8.37209,49.030612]],[[8.373146,49.027972],[8.373106,49.027839]],[[8.373475,49.028728],[8.373488,49.028744],[8.373509,49.028754],[8.373733,49.028785],[8.373859,49.028778]],[[8.372076,49.030612],[8.372074,49.030593],[8.373988,49.030508],[8.375175,49.030452],[8.375189,49.030446],[8.375208,49.030445]],[[8.371788,49.030009],[8.37179,49.030039],[8.371828,49.030099],[8.371861,49.030383],[8.372688,49.030347],[8.373317,49.030321],[8.37521,49.030232]],[[8.37323,49.028288],[8.37347,49.028279],[8.373666,49.028269]],[[8.375599,49.030838],[8.375552,49.03084],[8.375547,49.030795],[8.375547,49.03079],[8.375353,49.030798],[8.375387,49.031121],[8.375373,49.031141],[8.375354,49.031163],[8.375328,49.031177],[8.375295,49.031183],[8.375277,49.031186]],[[8.372074,49.030594],[8.372053,49.030594],[8.372042,49.030498],[8.372732,49.030466],[8.373386,49.030437],[8.374048,49.030407],[8.374832,49.030372],[8.37484,49.030368],[8.374902,49.030365],[8.37491,49.03037],[8.375174,49.030358],[8.375222,49.030359],[8.375267,49.030383]],[[8.372115,49.029554],[8.372194,49.02955]],[[8.37218,49.029455],[8.372731,49.029428],[8.37278,49.029425],[8.373303,49.029304],[8.373336,49.029284]],[[8.373379,49.030537],[8.373457,49.031273]],[[8.374606,49.031295],[8.374597,49.031216]],[[8.374676,49.030476],[8.374753,49.031209],[8.374618,49.031215],[8.374617,49.03121]],[[8.371951,49.02875],[8.372012,49.028745]],[[8.371969,49.028989],[8.372039,49.028987]],[[8.373271,49.028684],[8.373471,49.028675]],[[8.37231,49.029813],[8.372223,49.029819]],[[8.373337,49.030538],[8.373316,49.030322]],[[8.374215,49.029326],[8.374093,49.029334]],[[8.374942,49.031279],[8.374757,49.031287],[8.373478,49.031344],[8.37347,49.031269]],[[8.37272,49.0313],[8.372951,49.031291],[8.373424,49.031269],[8.373471,49.031268],[8.374073,49.03124],[8.374119,49.031238],[8.37476,49.031209],[8.375282,49.031185]],[[8.372484,49.028779],[8.372616,49.028775],[8.373221,49.028636],[8.373263,49.028617]],[[8.373201,49.028004],[8.373396,49.027988]],[[8.374676,49.030476],[8.374665,49.030381]],[[8.371863,49.028081],[8.372573,49.027929],[8.372758,49.027898],[8.373107,49.027842],[8.373555,49.027785],[8.373582,49.027769],[8.373852,49.027741],[8.374316,49.027703]],[[8.373455,49.028282],[8.373455,49.028279],[8.373411,49.028281],[8.373411,49.028284],[8.373455,49.028282]],[[8.372032,49.028776],[8.372048,49.02893],[8.371976,49.028933]],[[8.37267,49.027581],[8.372702,49.027901],[8.372724,49.027953]],[[8.37296,49.028334],[8.372961,49.028347],[8.372966,49.028356]],[[8.37278,49.029393],[8.372783,49.029419],[8.372789,49.029431],[8.372886,49.02941]],[[8.372871,49.031352],[8.372823,49.031354],[8.372808,49.031348],[8.372786,49.031349]],[[8.371388,49.030384],[8.371379,49.030399],[8.371395,49.030546]],[[8.372854,49.028693],[8.372856,49.028712],[8.372863,49.028725]],[[8.372968,49.029006],[8.372971,49.029031],[8.372976,49.02904]],[[8.372642,49.028776],[8.373223,49.028643],[8.37337,49.028636]],[[8.373496,49.029282],[8.373499,49.029302],[8.373512,49.029305],[8.373566,49.029302],[8.37358,49.02931]],[[8.372705,49.030488],[8.372791,49.031295],[8.372782,49.031313],[8.372786,49.031349]],[[8.372926,49.029363],[8.372929,49.029384],[8.372936,49.029398]],[[8.372482,49.027887],[8.372487,49.027937],[8.372512,49.027993]],[[8.372861,49.028357],[8.372863,49.02837],[8.372867,49.028379]],[[8.373197,49.028962],[8.373199,49.02898],[8.373203,49.028988]],[[8.372317,49.029909],[8.372263,49.029911],[8.372326,49.030506]],[[8.372669,49.030704],[8.372728,49.030702]],[[8.37264,49.030829],[8.37274,49.030824]],[[8.373034,49.029343],[8.373037,49.029361],[8.373043,49.029374]],[[8.374566,49.030782],[8.374694,49.030777]],[[8.373492,49.027795],[8.373477,49.027796],[8.373447,49.027844],[8.373284,49.027864],[8.373058,49.027896],[8.372975,49.02791],[8.372883,49.027925],[8.372775,49.027943],[8.372671,49.027962],[8.372485,49.027998],[8.372208,49.028055],[8.371962,49.028111],[8.371886,49.028127],[8.371781,49.028104]],[[8.372663,49.028402],[8.372664,49.028413],[8.37267,49.028424]],[[8.372741,49.029057],[8.372743,49.029082],[8.372749,49.029092]],[[8.372762,49.02838],[8.372764,49.028391],[8.372769,49.028402]],[[8.373161,49.028627],[8.373162,49.028644],[8.373169,49.028656]],[[8.373431,49.028281],[8.373432,49.028281]],[[8.372786,49.031349],[8.372762,49.031351],[8.372741,49.031363],[8.372622,49.031369],[8.372618,49.031374],[8.372621,49.031407]],[[8.373141,49.029315],[8.373144,49.029336],[8.373151,49.02935]],[[8.373251,49.029289],[8.373253,49.029312],[8.37326,49.029324]],[[8.374806,49.031276],[8.374802,49.031272],[8.374798,49.031236],[8.374794,49.031232],[8.374749,49.031234],[8.374742,49.031231],[8.374661,49.030474],[8.374667,49.030466],[8.37466,49.030397]],[[8.373077,49.028986],[8.373079,49.029007],[8.373083,49.029015]],[[8.372596,49.02844],[8.373191,49.028305],[8.373335,49.028298]],[[8.372886,49.029409],[8.373317,49.029312],[8.373374,49.029272],[8.373494,49.029266]],[[8.373589,49.028724],[8.373593,49.02876],[8.373589,49.028772]],[[8.373718,49.028789],[8.373505,49.02876],[8.373471,49.028742],[8.373384,49.028746]],[[8.372668,49.031053],[8.372765,49.031048]],[[8.372757,49.028717],[8.372759,49.028735],[8.372765,49.028748]],[[8.372857,49.029031],[8.37286,49.029056],[8.372865,49.029066]],[[8.372954,49.028672],[8.372956,49.028691],[8.372963,49.028703]],[[8.373254,49.027869],[8.373288,49.027976],[8.373303,49.028005],[8.373386,49.028759],[8.373444,49.028789],[8.373496,49.029283]],[[8.373689,49.028739],[8.373693,49.028773],[8.373689,49.028787]],[[8.372683,49.031147],[8.372774,49.031143]],[[8.371937,49.028488],[8.372,49.028485]],[[8.37256,49.028425],[8.372562,49.028444],[8.372582,49.028445],[8.372593,49.028442]],[[8.373063,49.02831],[8.373065,49.028324],[8.37307,49.028333]],[[8.373198,49.027428],[8.373239,49.027817],[8.373254,49.027868]],[[8.373794,49.028749],[8.373798,49.028787],[8.373728,49.028791],[8.373715,49.028789]],[[8.373304,49.030876],[8.373409,49.030871]],[[8.373433,49.031093],[8.373365,49.030457]],[[8.374012,49.030427],[8.37402,49.030498],[8.374017,49.030505],[8.374091,49.031245],[8.374093,49.031253]],[[8.371963,49.028683],[8.372021,49.02868]],[[8.371922,49.02812],[8.371972,49.028224],[8.372032,49.028776]],[[8.372108,49.027893],[8.372119,49.027999],[8.372155,49.028067]],[[8.372553,49.028761],[8.372556,49.028784],[8.372619,49.028781],[8.372641,49.028776]],[[8.372655,49.028742],[8.372657,49.028757],[8.372665,49.028772]],[[8.372656,49.029075],[8.372659,49.029102],[8.372663,49.02911],[8.372705,49.029101]],[[8.373055,49.028648],[8.373057,49.028667],[8.373064,49.02868]],[[8.373139,49.028291],[8.37314,49.028307],[8.373145,49.028316]],[[8.372706,49.029102],[8.373299,49.028967],[8.373314,49.028963],[8.373461,49.028956]],[[8.372869,49.030319],[8.372858,49.030336],[8.372874,49.03048]],[[8.373432,49.031093],[8.373434,49.031104],[8.373425,49.031109],[8.373415,49.031109]],[[8.372707,49.030479],[8.372697,49.030485],[8.372783,49.031297],[8.37277,49.031308],[8.372776,49.031358],[8.372806,49.031357]],[[8.374567,49.030786],[8.374702,49.03078]],[[8.374817,49.031294],[8.374815,49.031274],[8.374808,49.03127],[8.374805,49.031231],[8.374799,49.031228],[8.374751,49.031229],[8.374748,49.031227],[8.374668,49.030473],[8.374681,49.030467],[8.374674,49.030397],[8.374665,49.03039]],[[8.372658,49.030637],[8.372712,49.030634]],[[8.37264,49.030825],[8.372733,49.03082]],[[8.374109,49.031299],[8.374105,49.03129],[8.37402,49.030505],[8.374033,49.030497],[8.374025,49.030421],[8.374017,49.030415]],[[8.373429,49.031127],[8.373357,49.030447],[8.373297,49.030451],[8.373285,49.030334]],[[8.372668,49.031048],[8.372757,49.031044]],[[8.372787,49.031358],[8.372788,49.031365],[8.372774,49.03137],[8.372762,49.03137]],[[8.371784,49.028097],[8.371771,49.02796],[8.371742,49.027701],[8.371702,49.027343],[8.37169,49.027203],[8.371732,49.027202],[8.372028,49.027053],[8.371889,49.026918],[8.371243,49.026327],[8.371199,49.026345]],[[8.373447,49.027845],[8.373786,49.027812],[8.374305,49.027774],[8.374525,49.027758],[8.374587,49.02771],[8.374602,49.027609],[8.374572,49.027292],[8.374491,49.027269]],[[8.375014,49.027479],[8.375013,49.027461],[8.374589,49.027483]],[[8.374587,49.027708],[8.374609,49.027856],[8.374601,49.027868]],[[8.374012,49.027648],[8.374025,49.027795]],[[8.373835,49.027658],[8.373845,49.027807]],[[8.37369,49.027665],[8.373707,49.02782]]]}}},{"type":"Feature","geometry":{"type":"Point","coordinates":[8.400107,49.004041]},"properties":{"id":"2025V6769","titel":"Herrmann-Billing-Straße zw. Ettlinger Straße und Ritterstraße","art":"Strom bzw. TK-Versorgung","artCode":"Strom bzw. TK-Versorgung","artKnown":true,"info":null,"von":"2026-09-13","bis":"2026-12-31","verursacher":"Stadtwerke Karlsruhe","ampel":"teil","ampelLabel":"Teilsperrung","verkehrsmittel":{"fuss":false,"rad":false,"auto":true,"oepnv":false},"area":{"type":"LineString","coordinates":[[8.40204,49.004014],[8.401834,49.004023],[8.401616,49.004034],[8.401484,49.00404],[8.401348,49.004045],[8.401164,49.004049],[8.400809,49.004045],[8.400682,49.004036],[8.400603,49.004037],[8.400489,49.00404],[8.400304,49.004044],[8.400149,49.004041],[8.400051,49.004041],[8.3999,49.00404],[8.399762,49.004046],[8.399711,49.004048],[8.399632,49.004049],[8.399304,49.004053],[8.398843,49.004053],[8.398603,49.004054],[8.398574,49.004046],[8.398529,49.004046],[8.398286,49.004045],[8.398248,49.004057],[8.398209,49.004082],[8.398197,49.004088]]}}},{"type":"Feature","geometry":{"type":"Point","coordinates":[8.453216,49.000213]},"properties":{"id":"2025V3653","titel":"Dornwaldstr., Anton-Bruckner-Str.","art":"Strom bzw. TK-Versorgung","artCode":"Strom bzw. TK-Versorgung","artKnown":true,"info":"Arbeitsstelle im Geh-, und Radwegbereich, Straßenquerungen = lokale Engstelle wechselseitig, Abwicklung in mehreren Bauabschnitten","von":"2026-04-14","bis":"2027-02-01","verursacher":"Stadtwerke Karlsruhe","ampel":"teil","ampelLabel":"Teilsperrung","verkehrsmittel":{"fuss":false,"rad":true,"auto":false,"oepnv":false},"area":{"type":"MultiLineString","coordinates":[[[8.45405,48.999823],[8.453383,48.999894],[8.453235,48.999911],[8.453227,48.99995],[8.453249,49.000049],[8.453399,49.000415],[8.453549,49.000768],[8.453567,49.000808],[8.4541,49.000712]],[[8.453567,49.000808],[8.453583,49.00084]],[[8.453489,49.000854],[8.453446,49.000757],[8.453371,49.000579],[8.453279,49.000359],[8.453195,49.000164],[8.453117,48.999961],[8.453103,48.999937],[8.453077,48.999925],[8.453236,48.99991]],[[8.453081,48.999925],[8.452977,48.999936],[8.452615,48.999976],[8.452218,49.000018],[8.451927,49.00007],[8.451578,49.000133],[8.451424,49.000164]],[[8.453257,48.999908],[8.453241,48.999833]]]}}},{"type":"Feature","geometry":{"type":"Point","coordinates":[8.441341,48.993651]},"properties":{"id":"2025V4374","titel":"Gut-Magnus-Straße, Wachhausstraße, Kieselweg,","art":"Strom bzw. TK-Versorgung","artCode":"Strom bzw. TK-Versorgung","artKnown":true,"info":"Baustelle im Gehwegbereich, Ausführung in mehreren Abschnitten, Aufteilung nicht vorgenommen","von":"2026-08-31","bis":"2026-10-09","verursacher":"Telekommunikation","ampel":"teil","ampelLabel":"Teilsperrung","verkehrsmittel":{"fuss":true,"rad":false,"auto":false,"oepnv":false},"area":{"type":"MultiLineString","coordinates":[[[8.442252,48.99258],[8.442428,48.992631],[8.442499,48.992651]],[[8.442406,48.992268],[8.442445,48.992209],[8.442442,48.992198],[8.442415,48.992191],[8.442358,48.992176],[8.442352,48.992185],[8.442315,48.992243],[8.442139,48.992508],[8.442138,48.992513],[8.442131,48.992523],[8.442102,48.992536],[8.442119,48.992545]],[[8.442102,48.992536],[8.442024,48.992517],[8.442004,48.992511],[8.441856,48.992468],[8.441814,48.992458],[8.441685,48.992423],[8.44153,48.992378],[8.441475,48.992366],[8.441453,48.992353],[8.441443,48.992318],[8.441312,48.992259],[8.44137,48.99221]],[[8.439991,48.995709],[8.43988,48.995678],[8.439899,48.99567],[8.439911,48.995663],[8.43992,48.995655],[8.439928,48.995645],[8.440005,48.995529],[8.440196,48.995237],[8.440248,48.995153],[8.440257,48.995156],[8.440265,48.995145],[8.440257,48.995142],[8.440323,48.995041],[8.440368,48.994971],[8.440392,48.994933],[8.440408,48.994908],[8.440415,48.99491],[8.440422,48.994899],[8.440415,48.994897],[8.440514,48.994757],[8.440515,48.994756],[8.440558,48.994684],[8.440644,48.994548],[8.440687,48.994483],[8.440727,48.994422],[8.440733,48.994424],[8.440739,48.994416],[8.440731,48.994413],[8.440914,48.994134],[8.441003,48.994002],[8.441022,48.993968],[8.441041,48.99394],[8.441067,48.993908],[8.441099,48.993871],[8.441125,48.993844],[8.441178,48.993796],[8.441247,48.993735],[8.44128,48.993705],[8.441287,48.993708],[8.441297,48.993699],[8.441291,48.993695],[8.44134,48.993652],[8.4414,48.993603],[8.441444,48.993566],[8.441473,48.993537],[8.441493,48.993513],[8.441503,48.993503],[8.441533,48.993455],[8.441594,48.993359],[8.441735,48.993145],[8.441828,48.993001],[8.441885,48.992912],[8.441952,48.992807],[8.44198,48.992764],[8.442019,48.992707],[8.442061,48.992641],[8.442069,48.992639],[8.442047,48.992618],[8.441847,48.99256],[8.441835,48.992562],[8.441824,48.992563],[8.441814,48.992565],[8.441807,48.992563],[8.441718,48.992537],[8.441641,48.992515]],[[8.442119,48.992545],[8.442202,48.992566],[8.442232,48.992573],[8.442252,48.99258],[8.442209,48.99265],[8.442203,48.99265],[8.44218,48.992642],[8.442163,48.992642],[8.442143,48.992649],[8.442138,48.992657],[8.442132,48.992667],[8.442121,48.992683],[8.442101,48.992712],[8.442059,48.992772],[8.442032,48.992813],[8.441984,48.992887],[8.441946,48.992944],[8.441855,48.993087],[8.441822,48.993139],[8.441776,48.993209],[8.441741,48.993259],[8.441718,48.993296],[8.441684,48.993346],[8.441664,48.993382],[8.441617,48.993454],[8.441609,48.993466],[8.441594,48.993489],[8.441567,48.993529],[8.441539,48.993558],[8.441527,48.993566],[8.441464,48.993625],[8.441432,48.99365],[8.441378,48.993697],[8.441186,48.993871],[8.441136,48.993911],[8.441107,48.993959],[8.44095,48.994193],[8.440939,48.994214],[8.440913,48.994251],[8.440851,48.994361],[8.440817,48.994412],[8.440677,48.994641],[8.440641,48.994698],[8.440625,48.994711],[8.440597,48.994759],[8.44046,48.994965],[8.440395,48.995068],[8.440257,48.995278],[8.440243,48.995298],[8.440158,48.995425],[8.440091,48.995534],[8.440023,48.995641],[8.440003,48.995666],[8.439991,48.995709],[8.439989,48.995735],[8.439991,48.995762],[8.439945,48.995797],[8.439909,48.995817],[8.439897,48.995828],[8.439884,48.995837],[8.439501,48.99605]],[[8.442069,48.992639],[8.442097,48.992647],[8.442136,48.992659]],[[8.442252,48.99258],[8.442428,48.992631],[8.442499,48.992651]]]}}},{"type":"Feature","geometry":{"type":"Point","coordinates":[8.412572,49.003055]},"properties":{"id":"2025V5173","titel":"Elisabeth-Großwendt-Straße zw. Philipp-Reis-Straße und Wielandstraße","art":"Bauliche Sondernutzung","artCode":"Bauliche Sondernutzung","artKnown":true,"info":null,"von":"2025-09-21","bis":"2027-01-31","verursacher":"Privat","ampel":"teil","ampelLabel":"Teilsperrung","verkehrsmittel":{"fuss":false,"rad":false,"auto":true,"oepnv":false},"area":{"type":"MultiPolygon","coordinates":[[[[8.412918,49.003053],[8.412216,49.003077],[8.412214,49.003059],[8.412914,49.003033],[8.412918,49.003053]]],[[[8.41221,49.003001],[8.412909,49.002979],[8.41291,49.002997],[8.412211,49.003019],[8.41221,49.003001]]],[[[8.413263,49.003939],[8.412938,49.003064],[8.412975,49.003058],[8.413006,49.003052],[8.413098,49.003288],[8.413093,49.003374],[8.413189,49.003633],[8.413253,49.0037],[8.413301,49.003933],[8.413263,49.003939]]],[[[8.413162,49.003459],[8.413302,49.003436],[8.413334,49.003522],[8.413195,49.003546],[8.413162,49.003459]]]]}}},{"type":"Feature","geometry":{"type":"Point","coordinates":[8.361546,48.989624]},"properties":{"id":"2025V4469","titel":"Albert-Braun-Straße - Gebietsausbau","art":"Strom bzw. TK-Versorgung","artCode":"Strom bzw. TK-Versorgung","artKnown":true,"info":"Abwicklung in mehreren Bauabschnitten, Arbeitsstelle im Geh-, und Radwegbereich, Straßenquerungen = lokale Engstelle wechselseitig, Abwicklung in mehreren Bauabschnitten","von":"2026-09-13","bis":"2027-08-06","verursacher":"Stadtwerke Karlsruhe","ampel":"teil","ampelLabel":"Teilsperrung","verkehrsmittel":{"fuss":false,"rad":true,"auto":false,"oepnv":false},"area":{"type":"MultiLineString","coordinates":[[[8.363804,48.989304],[8.363864,48.989252],[8.363846,48.989242]],[[8.363941,48.989474],[8.363961,48.989455],[8.36394,48.989441],[8.363754,48.989344],[8.363802,48.989306],[8.363782,48.989295]],[[8.359444,48.988944],[8.359417,48.988923],[8.359343,48.988922]],[[8.359444,48.989271],[8.359333,48.989271]],[[8.359445,48.988905],[8.359541,48.988905]],[[8.360756,48.989621],[8.360794,48.989626],[8.361065,48.989626],[8.361065,48.989657],[8.361035,48.989657]],[[8.362414,48.989626],[8.362421,48.98863]],[[8.363703,48.990331],[8.363685,48.990348],[8.363655,48.990347]],[[8.359445,48.988779],[8.359422,48.988759],[8.359343,48.988759]],[[8.359627,48.989522],[8.359609,48.989538],[8.359567,48.989538]],[[8.359628,48.989644],[8.359607,48.989655],[8.359567,48.989655]],[[8.359627,48.989817],[8.359613,48.989831],[8.359566,48.989831]],[[8.360105,48.989555],[8.360088,48.989569],[8.360043,48.98957]],[[8.360584,48.989908],[8.360566,48.98992],[8.360526,48.98992]],[[8.361062,48.990088],[8.361043,48.990098],[8.360999,48.990099]],[[8.362422,48.988901],[8.362392,48.988902]],[[8.362792,48.990075],[8.36277,48.990093],[8.362716,48.990094]],[[8.365029,48.990026],[8.365018,48.99004],[8.364906,48.99004],[8.36491,48.990132]],[[8.363732,48.989632],[8.364266,48.989629],[8.365089,48.990056]],[[8.359247,48.988231],[8.359446,48.988232],[8.359445,48.98873],[8.359403,48.98873]],[[8.359628,48.989463],[8.359611,48.989481],[8.359569,48.98948]],[[8.360106,48.989719],[8.360087,48.989733],[8.360045,48.989732]],[[8.36029,48.988862],[8.360321,48.988925],[8.360415,48.98903]],[[8.360582,48.989623],[8.36058,48.990292],[8.360618,48.990293]],[[8.360415,48.98903],[8.36075,48.989412],[8.360763,48.989423],[8.360785,48.989433],[8.360809,48.989437],[8.360898,48.989438]],[[8.361065,48.990203],[8.361042,48.990216],[8.360999,48.990215]],[[8.361643,48.990281],[8.361623,48.9903],[8.361575,48.990301]],[[8.361647,48.990047],[8.361627,48.990068],[8.361572,48.990069]],[[8.362207,48.989864],[8.362189,48.989888],[8.362131,48.98989]],[[8.362206,48.990074],[8.362187,48.99009],[8.362132,48.990092]],[[8.362208,48.989624],[8.362205,48.99035]],[[8.362422,48.989207],[8.362382,48.989206]],[[8.363706,48.989934],[8.363692,48.989947],[8.363661,48.989947]],[[8.363704,48.990039],[8.363795,48.99004]],[[8.363703,48.990288],[8.363801,48.990288]],[[8.359628,48.989395],[8.359612,48.989415],[8.359566,48.989415]],[[8.360105,48.989479],[8.360085,48.989499],[8.360048,48.989498]],[[8.360103,48.989601],[8.360089,48.989615],[8.360047,48.989615]],[[8.360106,48.989671],[8.360088,48.989684],[8.360047,48.989684]],[[8.360105,48.989791],[8.360087,48.989801],[8.360047,48.989802]],[[8.360165,48.988815],[8.36021,48.988799],[8.360211,48.988732]],[[8.360581,48.989789],[8.360568,48.989803],[8.360517,48.989803]],[[8.361066,48.989968],[8.361043,48.989982],[8.361002,48.989981]],[[8.362206,48.990251],[8.362189,48.99026],[8.362131,48.99026]],[[8.362424,48.988739],[8.362382,48.98874]],[[8.359444,48.989131],[8.359414,48.989105],[8.359337,48.989097]],[[8.359627,48.989757],[8.35961,48.989771],[8.359567,48.989771]],[[8.359628,48.989271],[8.359627,48.989911]],[[8.360106,48.989617],[8.360104,48.989913]],[[8.360582,48.989846],[8.360565,48.98986],[8.360521,48.98986]],[[8.361062,48.989793],[8.361047,48.989806],[8.360999,48.989804]],[[8.361064,48.989637],[8.361118,48.989625],[8.361637,48.989624],[8.361636,48.989637]],[[8.36165,48.989623],[8.361645,48.990335]],[[8.362777,48.989869],[8.362762,48.989887],[8.362703,48.989889]],[[8.362799,48.990238],[8.362782,48.990256],[8.362726,48.990257]],[[8.362779,48.989829],[8.362804,48.990338]],[[8.363704,48.990111],[8.363691,48.990123],[8.363663,48.990123]],[[8.359627,48.989699],[8.359612,48.989713],[8.359565,48.989713]],[[8.359627,48.989891],[8.359607,48.989904],[8.359576,48.989904]],[[8.359984,48.988815],[8.360016,48.988799],[8.360016,48.988732]],[[8.360105,48.989836],[8.360089,48.98985],[8.360044,48.989851]],[[8.360898,48.989438],[8.361062,48.989438]],[[8.361062,48.990138],[8.361045,48.990154],[8.361003,48.990153]],[[8.363705,48.989708],[8.36369,48.989725],[8.363649,48.989726]],[[8.363705,48.989627],[8.363703,48.990439]],[[8.364266,48.989629],[8.363941,48.989474]],[[8.359445,48.98873],[8.359444,48.989212],[8.359415,48.989212]],[[8.359628,48.989581],[8.359606,48.989598],[8.359567,48.989598]],[[8.359772,48.988815],[8.359801,48.988797],[8.359802,48.988732]],[[8.360579,48.99008],[8.360556,48.990095],[8.360521,48.990094]],[[8.360582,48.989962],[8.360563,48.989978],[8.360521,48.989978]],[[8.360106,48.98936],[8.360104,48.98962],[8.360756,48.989621],[8.360756,48.989608]],[[8.361064,48.989905],[8.361043,48.989922],[8.361002,48.989922]],[[8.361648,48.989842],[8.361633,48.989865],[8.361576,48.989865]],[[8.361637,48.989624],[8.362194,48.989626],[8.362194,48.989639]],[[8.362194,48.989626],[8.36274,48.989627],[8.36276,48.989636],[8.362769,48.989652],[8.362779,48.989828],[8.362875,48.98983]],[[8.359444,48.989212],[8.359444,48.989271],[8.360107,48.98927],[8.360104,48.98936],[8.360046,48.98936]],[[8.360106,48.989439],[8.360087,48.989454],[8.360046,48.989454]],[[8.359443,48.988814],[8.360197,48.988815],[8.360224,48.988823],[8.360262,48.988848],[8.36029,48.988862],[8.360333,48.988862],[8.36054,48.988784]],[[8.360581,48.990021],[8.360565,48.990037],[8.360518,48.990038]],[[8.360579,48.990141],[8.360561,48.990155],[8.36052,48.990153]],[[8.36058,48.990201],[8.36056,48.990218],[8.360522,48.990218]],[[8.361066,48.989853],[8.361046,48.989867],[8.360999,48.989866]],[[8.361064,48.990025],[8.361045,48.990039],[8.360998,48.99004]],[[8.361063,48.989657],[8.361062,48.990258]],[[8.362423,48.989026],[8.362381,48.989026]],[[8.363703,48.990417],[8.363678,48.990429],[8.363638,48.990429]],[[8.362725,48.989627],[8.363745,48.989628]],[[8.363705,48.989769],[8.363794,48.98977]],[[8.364966,48.989993],[8.364898,48.990037],[8.364888,48.990035]]]}}},{"type":"Feature","geometry":{"type":"Point","coordinates":[8.423686,49.005684]},"properties":{"id":"2025V4584","titel":"Wolfartsweierer Straße zw. Durlacher Allee und Frühlingstraße und Sommerstraße zw. Frühlingstraße und Gottesauer Straße","art":"Strom bzw. TK-Versorgung","artCode":"Strom bzw. TK-Versorgung","artKnown":true,"info":"Abwicklung in mehreren Bauabschnitten","von":"2026-03-11","bis":"2026-10-31","verursacher":"Stadtwerke Karlsruhe","ampel":"teil","ampelLabel":"Teilsperrung","verkehrsmittel":{"fuss":false,"rad":false,"auto":true,"oepnv":false},"area":{"type":"MultiLineString","coordinates":[[[8.425308,49.007281],[8.425079,49.007324],[8.42475,49.007387],[8.424527,49.007427],[8.424387,49.00738],[8.424318,49.007318],[8.424255,49.007207],[8.424239,49.007099],[8.424262,49.006949],[8.424295,49.006671],[8.424355,49.006096],[8.424411,49.005578],[8.424057,49.005603],[8.423573,49.005708],[8.423339,49.005757],[8.423269,49.005609]],[[8.424411,49.005578],[8.424424,49.005253],[8.424384,49.005209]],[[8.423902,49.003976],[8.424399,49.003882],[8.424409,49.00371],[8.424462,49.003697],[8.424532,49.003684],[8.424974,49.003682],[8.42497,49.003798],[8.425073,49.0038],[8.42507,49.003832]],[[8.419863,49.005458],[8.419864,49.005488],[8.41999,49.005616],[8.420163,49.005787],[8.420381,49.006002],[8.420553,49.006172]]]}}},{"type":"Feature","geometry":{"type":"Point","coordinates":[8.406821,49.005435]},"properties":{"id":"2025V4609","titel":"Kriegsstraße zw. Ettlinger Straße und Meidingerstraße","art":"Bauliche Sondernutzung","artCode":"Bauliche Sondernutzung","artKnown":true,"info":"Notgehweg auf der Fahrbahn, geänderte Verkehrsführung im Zuge der Bauarbeiten","von":"2025-08-25","bis":"2027-12-31","verursacher":"Vermögen und Bau","ampel":"teil","ampelLabel":"Teilsperrung","verkehrsmittel":{"fuss":true,"rad":false,"auto":true,"oepnv":false},"area":{"type":"Polygon","coordinates":[[[8.406249,49.005236],[8.406491,49.005305],[8.406484,49.00539],[8.407373,49.005474],[8.407491,49.005434],[8.407556,49.005388],[8.407574,49.005327],[8.40759,49.005333],[8.407602,49.005324],[8.407579,49.005456],[8.407543,49.005534],[8.407509,49.005562],[8.407474,49.00558],[8.407417,49.005581],[8.406943,49.005525],[8.40652,49.005476],[8.406292,49.005451],[8.406268,49.005424],[8.406271,49.005402],[8.406214,49.005392],[8.406116,49.005284],[8.406204,49.005225],[8.406249,49.005236]]]}}},{"type":"Feature","geometry":{"type":"Point","coordinates":[8.385041,49.007798]},"properties":{"id":"2025V5275","titel":"Lessingstraße Einmündungsbereich Sophienstraße","art":"Fernwärmeversorgung","artCode":"Fernwärmeversorgung","artKnown":true,"info":null,"von":"2026-08-27","bis":"2026-10-16","verursacher":"Stadtwerke Karlsruhe","ampel":"teil","ampelLabel":"Teilsperrung","verkehrsmittel":{"fuss":false,"rad":false,"auto":true,"oepnv":false},"area":{"type":"Polygon","coordinates":[[[8.384936,49.007783],[8.384929,49.007742],[8.385038,49.007734],[8.385073,49.00774],[8.38509,49.007769],[8.385116,49.007887],[8.385054,49.007892],[8.385039,49.007822],[8.385032,49.007786],[8.385019,49.00778],[8.384936,49.007783]]]}}},{"type":"Feature","geometry":{"type":"Point","coordinates":[8.39056,48.999133]},"properties":{"id":"2025V5289","titel":"Hirschstraße zw. Vorholzstraße u. Südendstraße","art":"Fernwärmeversorgung","artCode":"Fernwärmeversorgung","artKnown":true,"info":null,"von":"2026-09-20","bis":"2026-10-30","verursacher":"Stadtwerke Karlsruhe","ampel":"teil","ampelLabel":"Teilsperrung","verkehrsmittel":{"fuss":false,"rad":false,"auto":true,"oepnv":false},"area":{"type":"Polygon","coordinates":[[[8.390571,48.999636],[8.390509,48.999017],[8.39047,48.998622],[8.390544,48.998616],[8.39057,48.998854],[8.390624,48.999362],[8.390652,48.999632],[8.390571,48.999636]]]}}},{"type":"Feature","geometry":{"type":"Point","coordinates":[8.446847,49.027273]},"properties":{"id":"2025V5363","titel":"Breslauer Straße Wohnwege 64 A - I und 66 A -L","art":"Strom bzw. TK-Versorgung","artCode":"Strom bzw. TK-Versorgung","artKnown":true,"info":"Abwicklung in mehreren Bauabschnitten","von":"2026-05-17","bis":"2026-10-31","verursacher":"Telekommunikation","ampel":"teil","ampelLabel":"Teilsperrung","verkehrsmittel":{"fuss":false,"rad":false,"auto":true,"oepnv":false},"area":{"type":"MultiPolygon","coordinates":[[[[8.445837,49.027598],[8.445843,49.027289],[8.445633,49.027314],[8.445632,49.027301],[8.445845,49.027279],[8.445654,49.027232],[8.445654,49.027223],[8.445843,49.02727],[8.445727,49.027159],[8.445747,49.027152],[8.445849,49.027253],[8.445862,49.027136],[8.44588,49.027136],[8.445865,49.027265],[8.445981,49.027155],[8.446003,49.027165],[8.445878,49.027273],[8.446026,49.027195],[8.446049,49.0272],[8.445884,49.027282],[8.446003,49.027283],[8.446089,49.027295],[8.446081,49.027317],[8.446001,49.027303],[8.445878,49.027301],[8.445875,49.027359],[8.446053,49.027358],[8.446047,49.02738],[8.445869,49.027379],[8.445873,49.027598],[8.445837,49.027598]]],[[[8.446813,49.027601],[8.446827,49.027218],[8.446687,49.027303],[8.446669,49.027294],[8.446827,49.02721],[8.446631,49.027236],[8.446617,49.027222],[8.446829,49.027204],[8.446825,49.027196],[8.446634,49.027149],[8.44664,49.027134],[8.446819,49.027188],[8.446697,49.027089],[8.446711,49.027083],[8.446833,49.027186],[8.446844,49.027061],[8.44686,49.027064],[8.44685,49.027191],[8.446951,49.027075],[8.446984,49.027083],[8.446866,49.027203],[8.447052,49.027132],[8.44706,49.027143],[8.446874,49.027205],[8.446872,49.027213],[8.447067,49.027213],[8.447069,49.027228],[8.44687,49.027221],[8.446862,49.027231],[8.446936,49.027237],[8.447037,49.027279],[8.447027,49.027291],[8.446918,49.027242],[8.44686,49.027243],[8.446861,49.027318],[8.446925,49.027319],[8.446929,49.027335],[8.446851,49.027335],[8.446854,49.0276],[8.446813,49.027601]]]]}}},{"type":"Feature","geometry":{"type":"Point","coordinates":[8.406561,48.999555]},"properties":{"id":"2025V5267","titel":"Augartenstraße Höhe Nr. 21","art":"Bauliche Sondernutzung","artCode":"Bauliche Sondernutzung","artKnown":true,"info":"Entfall von Parkmöglichkeiten","von":"2025-11-23","bis":"2026-12-31","verursacher":"Hochbau und Gebäudewirtschaft","ampel":"gering","ampelLabel":"Geringe Behinderung","verkehrsmittel":{"fuss":false,"rad":false,"auto":true,"oepnv":false},"area":{"type":"MultiPolygon","coordinates":[[[[8.406285,48.999678],[8.406298,48.999522],[8.406302,48.999465],[8.406302,48.999465],[8.406305,48.999411],[8.406436,48.999413],[8.406445,48.999378],[8.406448,48.999312],[8.40645,48.999312],[8.406479,48.999311],[8.406552,48.999258],[8.406582,48.999625],[8.406618,48.99958],[8.406638,48.99947],[8.406615,48.999208],[8.406487,48.999213],[8.406485,48.999199],[8.406812,48.999185],[8.406814,48.999201],[8.406634,48.999207],[8.406673,48.999206],[8.406706,48.999576],[8.406636,48.999664],[8.406622,48.999864],[8.406285,48.999854],[8.406287,48.999825],[8.406297,48.999679],[8.406285,48.999678]]],[[[8.407396,48.999142],[8.40786,48.999124],[8.407859,48.99915],[8.407397,48.999169],[8.407396,48.999142]]]]}}},{"type":"Feature","geometry":{"type":"Point","coordinates":[8.374663,49.008925]},"properties":{"id":"2025V6084","titel":"Uhlandstraße zw. Gorthestraße und Sophienstraße","art":"Fernwärmeversorgung","artCode":"Fernwärmeversorgung","artKnown":true,"info":null,"von":"2026-09-13","bis":"2026-11-06","verursacher":"Stadtwerke Karlsruhe","ampel":"teil","ampelLabel":"Teilsperrung","verkehrsmittel":{"fuss":false,"rad":false,"auto":true,"oepnv":false},"area":{"type":"Polygon","coordinates":[[[8.37487,49.009376],[8.374383,49.008507],[8.374468,49.008489],[8.374835,49.009158],[8.374948,49.009358],[8.37487,49.009376]]]}}},{"type":"Feature","geometry":{"type":"Point","coordinates":[8.369963,49.00646]},"properties":{"id":"2025V6487","titel":"Yorckstraße zw. Wichernstraße u. Yorckplatz","art":"Bauliche Sondernutzung","artCode":"Bauliche Sondernutzung","artKnown":true,"info":"Lokale Arbeitsstelle Höhe Nr. 59","von":"2026-02-08","bis":"2026-10-09","verursacher":"Privat","ampel":"teil","ampelLabel":"Teilsperrung","verkehrsmittel":{"fuss":false,"rad":false,"auto":true,"oepnv":false},"area":{"type":"Polygon","coordinates":[[[8.370092,49.006499],[8.370049,49.006536],[8.369833,49.006419],[8.369879,49.006384],[8.370092,49.006499]]]}}},{"type":"Feature","geometry":{"type":"Point","coordinates":[8.459291,48.979769]},"properties":{"id":"2025V6773","titel":"Gleistrasse entlang Steinkreuzstraße","art":"Gleisbau","artCode":"Gleisbau","artKnown":true,"info":"Zeitweise Engstelle mit Lichtsignal auf der Steinkreuzstraße für Be- und Entladevorgänge","von":"2026-09-20","bis":"2026-11-20","verursacher":"Verkehrsbetriebe Karlsruhe","ampel":"teil","ampelLabel":"Teilsperrung","verkehrsmittel":{"fuss":false,"rad":false,"auto":false,"oepnv":true},"area":{"type":"Polygon","coordinates":[[[8.460978,48.982384],[8.460958,48.982362],[8.461146,48.982248],[8.461301,48.982118],[8.461285,48.98176],[8.461074,48.981507],[8.460372,48.980964],[8.459861,48.980527],[8.459034,48.979622],[8.458647,48.979415],[8.45808,48.979312],[8.457864,48.979216],[8.457714,48.979093],[8.457681,48.978895],[8.457879,48.978701],[8.458206,48.978587],[8.458556,48.978761],[8.459323,48.979663],[8.459867,48.980314],[8.460263,48.98075],[8.460565,48.980969],[8.46125,48.98156],[8.46135,48.98171],[8.461503,48.981964],[8.461489,48.982094],[8.461398,48.982221],[8.461246,48.982352],[8.461024,48.982433],[8.460978,48.982384]]]}}},{"type":"Feature","geometry":{"type":"Point","coordinates":[8.454504,48.99531]},"properties":{"id":"2025V7009","titel":"Ellmendinger Straße im Einmündungsbereich zur Lissenstraße","art":"Fernwärmeversorgung","artCode":"Fernwärmeversorgung","artKnown":true,"info":null,"von":"2026-08-30","bis":"2026-10-09","verursacher":"Stadtwerke Karlsruhe","ampel":"voll","ampelLabel":"Vollsperrung","verkehrsmittel":{"fuss":false,"rad":false,"auto":true,"oepnv":false},"area":{"type":"Polygon","coordinates":[[[8.45454,48.995198],[8.454554,48.995199],[8.45479,48.995205],[8.454785,48.995268],[8.454643,48.99527],[8.454616,48.995281],[8.454592,48.995301],[8.454582,48.995343],[8.454567,48.995589],[8.454471,48.995582],[8.454487,48.99532],[8.454476,48.995295],[8.454454,48.995276],[8.454421,48.995259],[8.454397,48.995253],[8.454172,48.995227],[8.454184,48.995165],[8.454485,48.995195],[8.454503,48.995196],[8.454518,48.995196],[8.45454,48.995198]]]}}},{"type":"Feature","geometry":{"type":"Point","coordinates":[8.393996,49.013122]},"properties":{"id":"2025V7015","titel":"Bismarckstraße zw. Fichte- u. Seminarstraße","art":"Strom bzw. TK-Versorgung","artCode":"Strom bzw. TK-Versorgung","artKnown":true,"info":"Lokale Engstelle","von":"2026-10-04","bis":"2026-10-31","verursacher":"Stadtwerke Karlsruhe","ampel":"teil","ampelLabel":"Teilsperrung","verkehrsmittel":{"fuss":false,"rad":false,"auto":true,"oepnv":false},"area":{"type":"Polygon","coordinates":[[[8.39401,49.013195],[8.393889,49.013184],[8.393896,49.013155],[8.393926,49.013046],[8.394111,49.013063],[8.394058,49.013198],[8.39401,49.013195]]]}}},{"type":"Feature","geometry":{"type":"Point","coordinates":[8.445711,48.99988]},"properties":{"id":"2023V4962","titel":"Mastweidenweg unterhalb der DB-AG Brücke","art":"Bauliche Sondernutzung","artCode":"Bauliche Sondernutzung","artKnown":true,"info":null,"von":"2023-10-08","bis":"2027-06-30","verursacher":"Deutsche Bahn AG","ampel":"teil","ampelLabel":"Teilsperrung","verkehrsmittel":{"fuss":false,"rad":false,"auto":true,"oepnv":false},"area":{"type":"Polygon","coordinates":[[[8.446636,48.999663],[8.44664,48.999722],[8.446519,48.999766],[8.446291,48.999808],[8.44587,48.999895],[8.444865,49.000113],[8.444811,49.000032],[8.445126,48.999957],[8.445312,48.999909],[8.445689,48.999818],[8.446425,48.999693],[8.446636,48.999663]]]}}},{"type":"Feature","geometry":{"type":"Point","coordinates":[8.405584,49.008109]},"properties":{"id":"2025V7216","titel":"Kreuzstraße zw. Hebelstraße und Zähringer Straße","art":"Fernwärmeversorgung","artCode":"Fernwärmeversorgung","artKnown":true,"info":null,"von":"2026-08-16","bis":"2026-10-23","verursacher":"Stadtwerke Karlsruhe","ampel":"teil","ampelLabel":"Teilsperrung","verkehrsmittel":{"fuss":false,"rad":false,"auto":true,"oepnv":false},"area":{"type":"Polygon","coordinates":[[[8.405548,49.00812],[8.405555,49.008092],[8.405619,49.008096],[8.405615,49.008126],[8.405548,49.00812]]]}}},{"type":"Feature","geometry":{"type":"Point","coordinates":[8.38317,48.989787]},"properties":{"id":"2025V7301","titel":"Laurentiusstraße zw. Neue Anlage Straße u. Martinstraße","art":"Straßenbau","artCode":"Straßenbau","artKnown":true,"info":"BA 2 Straßenbau und Bauhnübergangstechnik, Abwicklung der 3 Bahnübergänge in Bulach wechselweise, Abwicklung in mehreren Bauabschnitten","von":"2026-09-27","bis":"2026-10-16","verursacher":"Deutsche Bahn AG","ampel":"voll","ampelLabel":"Vollsperrung","verkehrsmittel":{"fuss":false,"rad":false,"auto":true,"oepnv":false},"area":{"type":"Polygon","coordinates":[[[8.383284,48.989883],[8.38302,48.989717],[8.383054,48.989691],[8.383235,48.989804],[8.383321,48.989857],[8.383284,48.989883]]]}}},{"type":"Feature","geometry":{"type":"Point","coordinates":[8.37884,48.991167]},"properties":{"id":"2025V7302","titel":"Landgrabenstraße zw. Neue Anlage Straße u. Kreisel","art":"Straßenbau","artCode":"Straßenbau","artKnown":true,"info":"BA 2 Straßenbau und Bauhnübergangstechnik, Abwicklung der 3 Bahnübergänge in Bulach wechselweise, Abwicklung in mehreren Bauabschnitten","von":"2026-09-27","bis":"2026-11-13","verursacher":"Deutsche Bahn AG","ampel":"voll","ampelLabel":"Vollsperrung","verkehrsmittel":{"fuss":false,"rad":false,"auto":true,"oepnv":false},"area":{"type":"Polygon","coordinates":[[[8.378576,48.990948],[8.378658,48.990918],[8.378733,48.990998],[8.378841,48.991123],[8.378955,48.991236],[8.379012,48.991292],[8.37911,48.991387],[8.379062,48.991404],[8.379048,48.991435],[8.379018,48.991403],[8.378659,48.991035],[8.378576,48.990948]]]}}},{"type":"Feature","geometry":{"type":"Point","coordinates":[8.396389,49.007375]},"properties":{"id":"2025V7364","titel":"Amalienstraße Kreuzung Herrenstraße","art":"Fernwärmeversorgung","artCode":"Fernwärmeversorgung","artKnown":true,"info":"Baustelle im Gehweg/Parkbereich, Bauzeit ca 4 Wochen","von":"2026-09-18","bis":"2026-10-16","verursacher":"Stadtwerke Karlsruhe","ampel":"teil","ampelLabel":"Teilsperrung","verkehrsmittel":{"fuss":true,"rad":false,"auto":false,"oepnv":false},"area":{"type":"Polygon","coordinates":[[[8.396317,49.007436],[8.396281,49.007397],[8.396267,49.007379],[8.396426,49.007326],[8.396449,49.007326],[8.396468,49.007328],[8.396493,49.007337],[8.396508,49.007348],[8.396523,49.00736],[8.396317,49.007436]]]}}},{"type":"Feature","geometry":{"type":"Point","coordinates":[8.386729,49.00553]},"properties":{"id":"2025V6907","titel":"Kriegsstraße zw. Leopoldstraße u. Lessingstraße, Reinhold-Frank-Straße zwischen Kriegstraße u. Viktoriastraße","art":"Gas bzw. Wasserversorgung","artCode":"Gas bzw. Wasserversorgung","artKnown":true,"info":"Reinhold-Frank-Straße zw. Viktoriastraße u.Kriegsstraße in südlicher Richtung gesperrt","von":"2026-08-23","bis":"2027-03-07","verursacher":"Stadtwerke Karlsruhe","ampel":"teil","ampelLabel":"Teilsperrung","verkehrsmittel":{"fuss":false,"rad":false,"auto":true,"oepnv":false},"area":{"type":"MultiPolygon","coordinates":[[[[8.384873,49.005417],[8.384888,49.005411],[8.385237,49.005405],[8.385385,49.005405],[8.385472,49.005408],[8.38559,49.005416],[8.386157,49.005436],[8.386178,49.00554],[8.385801,49.005531],[8.384872,49.005516],[8.384873,49.005417]]],[[[8.386297,49.005528],[8.386325,49.005442],[8.386714,49.005456],[8.386808,49.005468],[8.386815,49.005562],[8.386682,49.005618],[8.386638,49.005588],[8.38655,49.005549],[8.386488,49.005535],[8.386297,49.005528]]],[[[8.386707,49.005641],[8.386772,49.005623],[8.386827,49.005618],[8.386865,49.005883],[8.386845,49.005874],[8.386776,49.00574],[8.386707,49.005641]]],[[[8.386871,49.005515],[8.386894,49.005488],[8.386939,49.005462],[8.386985,49.005445],[8.387047,49.005437],[8.387147,49.005433],[8.387829,49.005429],[8.388005,49.005443],[8.388308,49.005493],[8.38857,49.005535],[8.388103,49.005544],[8.387929,49.005564],[8.387807,49.005581],[8.387713,49.005593],[8.387283,49.005598],[8.387244,49.005604],[8.387208,49.005618],[8.387161,49.005646],[8.387095,49.005607],[8.387163,49.005647],[8.387139,49.005668],[8.387112,49.005696],[8.38708,49.005745],[8.387056,49.005804],[8.387052,49.005871],[8.386927,49.005877],[8.386892,49.005606],[8.386879,49.005515],[8.386871,49.005515]]]]}}},{"type":"Feature","geometry":{"type":"Point","coordinates":[8.3788,49.005398]},"properties":{"id":"2025V7017","titel":"Gartenstraße zwischen Steinhäuserstraße und Weinbrennerplatz/Kriegstraße","art":"Gleisbau","artCode":"Gleisbau","artKnown":true,"info":null,"von":"2026-08-02","bis":"2026-11-07","verursacher":"Verkehrsbetriebe Karlsruhe","ampel":"teil","ampelLabel":"Teilsperrung","verkehrsmittel":{"fuss":false,"rad":false,"auto":false,"oepnv":true},"area":{"type":"Polygon","coordinates":[[[8.378261,49.005569],[8.378215,49.005503],[8.379454,49.005138],[8.379507,49.005214],[8.378762,49.005434],[8.37877,49.005456],[8.378772,49.005477],[8.378773,49.005566],[8.378553,49.005574],[8.378437,49.005578],[8.378358,49.005581],[8.378261,49.005569]]]}}},{"type":"Feature","geometry":{"type":"Point","coordinates":[8.474962,48.9993]},"properties":{"id":"2026V0255","titel":"Pfinztalstraße zw. Badener Straße u. Jägerstraße","art":"Gleisbau","artCode":"Gleisbau","artKnown":true,"info":"Abwicklung in mehreren Bauabschnitten","von":"2026-09-20","bis":"2026-11-22","verursacher":"Verkehrsbetriebe Karlsruhe","ampel":"voll","ampelLabel":"Vollsperrung","verkehrsmittel":{"fuss":false,"rad":false,"auto":false,"oepnv":true},"area":{"type":"Polygon","coordinates":[[[8.474315,48.999219],[8.474325,48.999188],[8.474332,48.999131],[8.474345,48.999113],[8.474565,48.999163],[8.474813,48.999198],[8.47498,48.999226],[8.475093,48.999261],[8.475324,48.999348],[8.475456,48.999404],[8.475497,48.999408],[8.475528,48.999408],[8.475562,48.999406],[8.475602,48.9994],[8.475426,48.999539],[8.475324,48.999468],[8.475135,48.999373],[8.475146,48.999363],[8.475058,48.99933],[8.474916,48.999294],[8.474758,48.99927],[8.474516,48.999239],[8.474315,48.999219]]]}}},{"type":"Feature","geometry":{"type":"Point","coordinates":[8.387012,49.006392]},"properties":{"id":"2026V0274","titel":"Reinhold-Frank-Straße zw. Viktoriastraße und Kriegstraße","art":"Gas bzw. Wasserversorgung","artCode":"Gas bzw. Wasserversorgung","artKnown":true,"info":"Reinhold-Frank-Straße in Fahrtrichtung Süden gesperrt, Zufahrt von Sophienstraße bis Viktoriastraße frei, Info: www.karlsruhe.de/kriegsstrasse","von":"2026-07-29","bis":"2027-07-04","verursacher":"Stadtwerke Karlsruhe","ampel":"teil","ampelLabel":"Teilsperrung","verkehrsmittel":{"fuss":false,"rad":false,"auto":true,"oepnv":false},"area":{"type":"MultiPolygon","coordinates":[[[[8.386984,49.006586],[8.386938,49.006201],[8.386959,49.0062],[8.386963,49.006203],[8.387043,49.006202],[8.387047,49.006235],[8.387084,49.006583],[8.386984,49.006586]]],[[[8.387296,49.010186],[8.387294,49.010137],[8.387376,49.01013],[8.387381,49.010182],[8.387296,49.010186]]],[[[8.387766,49.010524],[8.388,49.010515],[8.388281,49.010511],[8.388204,49.010535],[8.38778,49.010547],[8.387766,49.010524]]],[[[8.38744,49.010693],[8.387476,49.010918],[8.387452,49.01097],[8.387402,49.010925],[8.387364,49.010702],[8.38744,49.010693]]],[[[8.386589,49.01029],[8.387182,49.010269],[8.387185,49.010298],[8.386623,49.010315],[8.386589,49.01029]]]]}}},{"type":"Feature","geometry":{"type":"Point","coordinates":[8.381355,49.004642]},"properties":{"id":"2026V0286","titel":"Gartenstraße zw. Steinhäuserstraße u. Weinbrennerplatz","art":"Fernwärmeversorgung","artCode":"Fernwärmeversorgung","artKnown":true,"info":"Vollsperrung Gartenstraße vor Kreuzung Steinhäuserstraße mit Kopfwender","von":"2026-08-02","bis":"2026-11-07","verursacher":"Stadtwerke Karlsruhe","ampel":"voll","ampelLabel":"Vollsperrung","verkehrsmittel":{"fuss":false,"rad":false,"auto":true,"oepnv":false},"area":{"type":"Polygon","coordinates":[[[8.381298,49.004805],[8.381294,49.004772],[8.381278,49.004776],[8.381256,49.004739],[8.381174,49.004762],[8.381124,49.00475],[8.381042,49.004629],[8.381194,49.004585],[8.381265,49.004562],[8.381296,49.00455],[8.38132,49.004539],[8.381351,49.004523],[8.381375,49.004507],[8.38139,49.004495],[8.381409,49.004477],[8.381429,49.004456],[8.381501,49.004485],[8.381518,49.00452],[8.381574,49.004648],[8.381641,49.004655],[8.381688,49.004689],[8.381697,49.004715],[8.381622,49.00472],[8.381559,49.004723],[8.381551,49.004689],[8.381343,49.00475],[8.381347,49.004802],[8.381298,49.004805]]]}}},{"type":"Feature","geometry":{"type":"Point","coordinates":[8.471569,48.965954]},"properties":{"id":"2026V0289","titel":"Beim Wasserturm, Taglöhnergärten","art":"Strom bzw. TK-Versorgung","artCode":"Strom bzw. TK-Versorgung","artKnown":true,"info":"vs 12 Wochen, Arbeitsstelle im Geh-, und Radwegbereich, Straßenquerungen = lokale Engstelle wechselseitig, Abwicklung in mehreren Bauabschnitten","von":"2026-04-12","bis":"2026-10-31","verursacher":"Stadtwerke Karlsruhe","ampel":"teil","ampelLabel":"Teilsperrung","verkehrsmittel":{"fuss":false,"rad":true,"auto":false,"oepnv":false},"area":{"type":"MultiLineString","coordinates":[[[8.47251,48.965663],[8.472613,48.965634],[8.472635,48.96563],[8.472797,48.965583],[8.472977,48.965529],[8.473054,48.965507],[8.473122,48.965486],[8.473106,48.965461]],[[8.473122,48.965486],[8.473168,48.965473]],[[8.471581,48.965814],[8.471671,48.965842],[8.471727,48.965844],[8.471972,48.965868],[8.472133,48.965895],[8.472272,48.965921],[8.472313,48.96593],[8.472351,48.965932],[8.472421,48.965952],[8.472485,48.965969],[8.472572,48.965993],[8.472653,48.966023],[8.472776,48.966064],[8.472842,48.966086]],[[8.473108,48.965463],[8.47308,48.965415]],[[8.47094,48.966983],[8.470474,48.96678],[8.470454,48.966666],[8.470493,48.966627],[8.47056,48.966561],[8.470647,48.966494],[8.47074,48.966433],[8.470874,48.966364],[8.470967,48.966327],[8.471207,48.966235],[8.471315,48.96619],[8.471372,48.966164],[8.471424,48.966131],[8.471491,48.966074],[8.471535,48.966022],[8.471563,48.965966],[8.471577,48.965939],[8.47158,48.965875],[8.471581,48.965814],[8.471577,48.96578],[8.471539,48.965712],[8.471499,48.965671],[8.471477,48.965638],[8.47141,48.965584],[8.471287,48.965489],[8.471081,48.965355],[8.471025,48.965312],[8.470988,48.965291],[8.471094,48.965179]],[[8.47116,48.965256],[8.471248,48.965135],[8.471209,48.965122]],[[8.471056,48.965333],[8.471159,48.96526]]]}}},{"type":"Feature","geometry":{"type":"Point","coordinates":[8.381781,49.009214]},"properties":{"id":"2026V0302","titel":"Scheffelstraße zw. Kaiserallee u. Sophienstraße","art":"Bauliche Sondernutzung","artCode":"Bauliche Sondernutzung","artKnown":true,"info":"Arbeitsstelle / BE-Flächen im Gehweg u. in Parkflächen","von":"2026-01-22","bis":"2026-12-31","verursacher":"Privat","ampel":"gering","ampelLabel":"Geringe Behinderung","verkehrsmittel":{"fuss":true,"rad":false,"auto":false,"oepnv":false},"area":{"type":"Polygon","coordinates":[[[8.381771,49.009506],[8.381681,49.00893],[8.38179,49.008921],[8.381883,49.009496],[8.381771,49.009506]]]}}},{"type":"Feature","geometry":{"type":"Point","coordinates":[8.370497,48.998804]},"properties":{"id":"2026V0332","titel":"Bannwaldallee zw. Griesbachstraße und Zufahrt Südtangente","art":"Straßenbau","artCode":"Straßenbau","artKnown":true,"info":"Gemeinsame Umsetzung mit Leitungsbau Gas/Wasser durch die Netzservice GmbH der Stadtwerke, Abwicklung in mehreren Bauabschnitten, Aufteilung nicht vorgenommen","von":"2026-09-20","bis":"2027-08-31","verursacher":"Tiefbauamt","ampel":"voll","ampelLabel":"Vollsperrung","verkehrsmittel":{"fuss":false,"rad":false,"auto":true,"oepnv":false},"area":{"type":"Polygon","coordinates":[[[8.367926,49.000861],[8.368306,49.000602],[8.368722,49.000305],[8.369048,49.000045],[8.369378,48.99975],[8.369584,48.999561],[8.369956,48.999228],[8.37047,48.998767],[8.371175,48.99814],[8.371748,48.997626],[8.37219,48.997228],[8.372356,48.997046],[8.372473,48.996854],[8.372849,48.996077],[8.372953,48.996101],[8.37278,48.996447],[8.372605,48.996852],[8.372507,48.997018],[8.372336,48.997215],[8.372058,48.997466],[8.371055,48.998364],[8.370767,48.998623],[8.369974,48.999339],[8.369579,48.999698],[8.369108,49.000115],[8.368794,49.00036],[8.368535,49.000548],[8.368318,49.00073],[8.368082,49.000932],[8.368023,49.00097],[8.367986,49.000988],[8.367965,49.000995],[8.367938,49.001001],[8.367898,49.00101],[8.36788,49.001027],[8.36786,49.001048],[8.367776,49.001014],[8.367776,49.000994],[8.367761,49.000964],[8.367712,49.000929],[8.367683,49.000915],[8.367735,49.000866],[8.367786,49.000877],[8.36782,49.00088],[8.367849,49.000878],[8.367863,49.000877],[8.367895,49.000871],[8.367926,49.000861]]]}}},{"type":"Feature","geometry":{"type":"Point","coordinates":[8.406775,49.00933]},"properties":{"id":"2025V0141","titel":"Adlerstraße zw. Zähringerstraße und Kasierstraße","art":"Straßenbau","artCode":"Straßenbau","artKnown":true,"info":null,"von":"2025-10-12","bis":"2026-11-25","verursacher":"Tiefbauamt","ampel":"voll","ampelLabel":"Vollsperrung","verkehrsmittel":{"fuss":false,"rad":false,"auto":true,"oepnv":false},"area":{"type":"Polygon","coordinates":[[[8.406712,49.009361],[8.406746,49.009293],[8.40684,49.009313],[8.406819,49.009356],[8.406712,49.009361]]]}}},{"type":"Feature","geometry":{"type":"Point","coordinates":[8.374186,49.009672]},"properties":{"id":"2026V0635","titel":"Goethestraße zw. Uhlandstraße und Yorckstraße","art":"Bauliche Sondernutzung","artCode":"Bauliche Sondernutzung","artKnown":true,"info":null,"von":"2026-03-01","bis":"2026-11-20","verursacher":"Privat","ampel":"voll","ampelLabel":"Vollsperrung","verkehrsmittel":{"fuss":false,"rad":false,"auto":true,"oepnv":false},"area":{"type":"MultiPolygon","coordinates":[[[[8.374253,49.009767],[8.374233,49.009772],[8.37412,49.009578],[8.37414,49.009573],[8.374253,49.009767]]],[[[8.374166,49.009549],[8.374154,49.009467],[8.374344,49.009456],[8.374357,49.009537],[8.374166,49.009549]]]]}}},{"type":"Feature","geometry":{"type":"Point","coordinates":[8.399823,49.008659]},"properties":{"id":"2026V0789","titel":"Ständehausstraße zw. Ritterstraße u. Herrenstraße, Südlicher Herrenhof zw. Ritterstraße u. Herrenstraße","art":"Bauliche Sondernutzung","artCode":"Bauliche Sondernutzung","artKnown":true,"info":"Fuß- u. Radverkehr Ständehausstraße gesperrt, südlicher Gehweg im Südlichen Herrenhof gesperrt","von":"2026-02-27","bis":"2028-01-31","verursacher":"Privat","ampel":"teil","ampelLabel":"Teilsperrung","verkehrsmittel":{"fuss":true,"rad":false,"auto":false,"oepnv":false},"area":{"type":"MultiPolygon","coordinates":[[[[8.399216,49.008924],[8.399742,49.008759],[8.399333,49.008298],[8.399317,49.008277],[8.399565,49.008201],[8.399567,49.008225],[8.399548,49.008239],[8.399717,49.008499],[8.400153,49.008358],[8.400295,49.008586],[8.400314,49.00858],[8.400375,49.008659],[8.400357,49.008665],[8.400392,49.008713],[8.399446,49.009019],[8.399404,49.008964],[8.399273,49.009002],[8.399216,49.008924]]],[[[8.399618,49.009256],[8.399602,49.009231],[8.400146,49.009074],[8.400162,49.009098],[8.399618,49.009256]]]]}}},{"type":"Feature","geometry":{"type":"Point","coordinates":[8.4643,48.999716]},"properties":{"id":"2026V0452","titel":"Ernst-Friedrich-Straße zw. Gritznerstraße und Pfinztalstraße","art":"Gleisbau","artCode":"Gleisbau","artKnown":true,"info":"In nördlicher Richtung in alle Fahrtrichtungen gesperrt. Keine Querung des Gleiskörpers möglich","von":"2026-09-20","bis":"2026-11-22","verursacher":"Verkehrsbetriebe Karlsruhe","ampel":"teil","ampelLabel":"Teilsperrung","verkehrsmittel":{"fuss":false,"rad":false,"auto":false,"oepnv":true},"area":{"type":"Polygon","coordinates":[[[8.463751,48.999155],[8.4641,48.999528],[8.464267,48.99954],[8.46452,48.999806],[8.46457,48.999852],[8.464628,48.999894],[8.464674,48.999889],[8.464771,48.999984],[8.464819,49.000045],[8.464618,49.000109],[8.464398,48.999946],[8.464082,48.999627],[8.463718,48.99924],[8.463656,48.999171],[8.463751,48.999155]]]}}},{"type":"Feature","geometry":{"type":"Point","coordinates":[8.463591,49.000384]},"properties":{"id":"2026V0658","titel":"Durlacher Allee zw. Dornwaldstraße und Ernst-Friedrich-Straße","art":"Gleisbau","artCode":"Gleisbau","artKnown":true,"info":"Rechtsabbiegen in südlicher Richtung auf Ernst-Friedrich-Straße möglich. Keine Querung des Gleiskörpers möglich","von":"2026-09-20","bis":"2026-11-22","verursacher":"Verkehrsbetriebe Karlsruhe","ampel":"teil","ampelLabel":"Teilsperrung","verkehrsmittel":{"fuss":false,"rad":false,"auto":false,"oepnv":true},"area":{"type":"MultiPolygon","coordinates":[[[[8.461995,49.000697],[8.463304,49.00043],[8.46367,49.000272],[8.464164,49.000167],[8.464189,49.00016],[8.464231,49.000149],[8.46427,49.000134],[8.464303,49.000121],[8.464329,49.000102],[8.464348,49.000078],[8.464358,49.00006],[8.464363,49.000048],[8.464373,49.000006],[8.464398,48.999948],[8.464762,49.000211],[8.46389,49.000408],[8.46377,49.000434],[8.463509,49.000492],[8.463237,49.000554],[8.463133,49.000574],[8.462944,49.000615],[8.462658,49.000671],[8.462485,49.000699],[8.462341,49.000723],[8.462042,49.00078],[8.461995,49.000697]]],[[[8.464142,49.000113],[8.464178,49.000105],[8.464196,49.000093],[8.464226,49.000069],[8.464249,49.000044],[8.464266,49.00002],[8.464279,48.999991],[8.464303,49.00003],[8.4643,49.000046],[8.464291,49.000064],[8.464275,49.000082],[8.464254,49.000099],[8.464231,49.000112],[8.464182,49.00013],[8.464152,49.000136],[8.464142,49.000113]]]]}}},{"type":"Feature","geometry":{"type":"Point","coordinates":[8.464985,49.000306]},"properties":{"id":"2026V0659","titel":"Pforzheimer Straße zw. Pfinzstraße und Pfinztalstraße","art":"Gleisbau","artCode":"Gleisbau","artKnown":true,"info":"Rechtsabbiegen auf Durlacher Allee möglich. Keine Querung des Gleiskörpers möglich","von":"2026-09-20","bis":"2026-11-22","verursacher":"Verkehrsbetriebe Karlsruhe","ampel":"teil","ampelLabel":"Teilsperrung","verkehrsmittel":{"fuss":false,"rad":false,"auto":false,"oepnv":true},"area":{"type":"MultiPolygon","coordinates":[[[[8.464925,49.000262],[8.464897,49.000255],[8.464875,49.00025],[8.464841,49.000245],[8.46482,49.000243],[8.464789,49.000241],[8.464832,49.000225],[8.464879,49.000208],[8.464919,49.000192],[8.465061,49.000137],[8.465058,49.000159],[8.465058,49.00018],[8.465059,49.000196],[8.464925,49.000262]]],[[[8.464941,49.000299],[8.464982,49.000281],[8.465296,49.000501],[8.465176,49.000459],[8.464941,49.000299]]]]}}},{"type":"Feature","geometry":{"type":"Point","coordinates":[8.465282,48.999907]},"properties":{"id":"2026V0671","titel":"Pfinztalstraße zw. Amalienbadstraße und Pforzheimer Straße","art":"Gleisbau","artCode":"Gleisbau","artKnown":true,"info":"Rechtsabbiegen in Pforzheimer Straße und geradeaus auf Durlacher Allee möglich. Keine Querung des Gleiskörpers möglich","von":"2026-09-20","bis":"2026-11-22","verursacher":"Verkehrsbetriebe Karlsruhe","ampel":"teil","ampelLabel":"Teilsperrung","verkehrsmittel":{"fuss":false,"rad":false,"auto":false,"oepnv":true},"area":{"type":"Polygon","coordinates":[[[8.464807,49.000032],[8.464675,48.99989],[8.464739,48.999919],[8.464832,48.999901],[8.464977,48.99986],[8.465422,48.999777],[8.465679,48.999731],[8.465803,48.999703],[8.465905,48.999685],[8.466158,48.99964],[8.466196,48.999732],[8.465768,48.999811],[8.465703,48.999824],[8.465617,48.999849],[8.46558,48.999862],[8.465493,48.999899],[8.465415,48.999933],[8.465329,48.999971],[8.465158,49.00005],[8.46492,49.000146],[8.464762,49.000211],[8.464743,49.000197],[8.46462,49.000108],[8.464819,49.000045],[8.464807,49.000032]]]}}},{"type":"Feature","geometry":{"type":"Point","coordinates":[8.391743,49.010353]},"properties":{"id":"2026V0748","titel":"Kaiserstraße zw. Hirschstraße und Leopoldstraße, Hirschstraße zw. Akademiestraße und Kaiserstraße","art":"Bauliche Sondernutzung","artCode":"Bauliche Sondernutzung","artKnown":true,"info":null,"von":"2026-03-01","bis":"2027-12-31","verursacher":"Privat","ampel":"teil","ampelLabel":"Teilsperrung","verkehrsmittel":{"fuss":false,"rad":false,"auto":true,"oepnv":false},"area":{"type":"Polygon","coordinates":[[[8.390943,49.010293],[8.390933,49.010246],[8.391736,49.010205],[8.391774,49.010465],[8.391806,49.010473],[8.391833,49.010794],[8.391786,49.010796],[8.391716,49.010258],[8.390943,49.010293]]]}}},{"type":"Feature","geometry":{"type":"Point","coordinates":[8.47583,49.002039]},"properties":{"id":"2026V0768","titel":"Blumentorstraße, Pfinzstraße, Friedrich-Eberle-Straße, Oberlinstraße","art":"Strom bzw. TK-Versorgung","artCode":"Strom bzw. TK-Versorgung","artKnown":true,"info":"Abwicklung in mehreren Bauabschnitte, Straßenquerungen = lokale Engstelle wechselseitig, Arbeitsstelle im Geh-, und Radwegbereich","von":"2026-10-04","bis":"2027-03-15","verursacher":"Stadtwerke Karlsruhe","ampel":"teil","ampelLabel":"Teilsperrung","verkehrsmittel":{"fuss":false,"rad":true,"auto":false,"oepnv":false},"area":{"type":"MultiLineString","coordinates":[[[8.475441,49.000863],[8.475377,49.001313],[8.475406,49.001335],[8.475599,49.001344],[8.475682,49.001349],[8.475785,49.001364],[8.475866,49.001381],[8.475962,49.001408],[8.47606,49.00144],[8.476125,49.001466],[8.476192,49.001499],[8.476277,49.00155],[8.476413,49.001652]],[[8.476306,49.001715],[8.476288,49.001705],[8.475607,49.002201],[8.475228,49.002477],[8.47519,49.002506],[8.475183,49.00301],[8.475188,49.003023],[8.4752,49.003032],[8.475227,49.003038],[8.475356,49.00304],[8.475827,49.003052],[8.476526,49.003086]],[[8.476311,49.001573],[8.476347,49.001556]],[[8.475422,49.000996],[8.475324,49.000961]],[[8.475379,49.001315],[8.475279,49.001285],[8.4749,49.001265],[8.474855,49.001256],[8.474823,49.001235],[8.474813,49.001205],[8.474819,49.001154],[8.474869,49.000901]],[[8.476417,49.001653],[8.476306,49.001715],[8.476764,49.002068],[8.476811,49.002104]],[[8.476811,49.002104],[8.476925,49.002187]]]}}},{"type":"Feature","geometry":{"type":"Point","coordinates":[8.408704,49.009127]},"properties":{"id":"2026V2418","titel":"Kronenstraße, Kaiserstraße, Kronenplatz","art":"Bauliche Sondernutzung","artCode":"Bauliche Sondernutzung","artKnown":true,"info":null,"von":"2026-05-10","bis":"2026-10-26","verursacher":"Privat","ampel":"teil","ampelLabel":"Teilsperrung","verkehrsmittel":{"fuss":false,"rad":false,"auto":true,"oepnv":false},"area":{"type":"MultiPolygon","coordinates":[[[[8.408588,49.009278],[8.408564,49.009269],[8.408819,49.008978],[8.408842,49.008989],[8.408588,49.009278]]],[[[8.408579,49.009278],[8.409153,49.009253],[8.409155,49.009271],[8.408581,49.009296],[8.408579,49.009278]]]]}}},{"type":"Feature","geometry":{"type":"Point","coordinates":[8.410113,49.008656]},"properties":{"id":"2026V0858","titel":"Zähringer Straße zw. Waldhornstraße und Kronenstraße","art":"Brückenbau","artCode":"Brückenbau","artKnown":true,"info":"Geh- und Radweg sowie Anlieferzufahrten (Rampen) Jubez und KIT/Fritz-Erler-Garage","von":"2026-04-12","bis":"2026-11-27","verursacher":"Hochbau und Gebäudewirtschaft","ampel":"voll","ampelLabel":"Vollsperrung","verkehrsmittel":{"fuss":false,"rad":true,"auto":false,"oepnv":false},"area":{"type":"Polygon","coordinates":[[[8.409793,49.008686],[8.409786,49.008653],[8.410418,49.008622],[8.410421,49.008662],[8.409793,49.008686]]]}}},{"type":"Feature","geometry":{"type":"Point","coordinates":[8.410054,49.008584]},"properties":{"id":"2026V0861","titel":"Fritz-Erler-Straße zw. Markgrafenstraße u. Kaiserstraße","art":"Brückenbau","artCode":"Brückenbau","artKnown":true,"info":"Lokale Engstelle, Entfall der Radfahrstreifen auf der Fahrbahn, VBK Streckensperrung","von":"2026-04-12","bis":"2026-11-27","verursacher":"Hochbau und Gebäudewirtschaft","ampel":"teil","ampelLabel":"Teilsperrung","verkehrsmittel":{"fuss":false,"rad":true,"auto":true,"oepnv":false},"area":{"type":"Polygon","coordinates":[[[8.409902,49.008494],[8.40994,49.008493],[8.409946,49.008556],[8.40998,49.008555],[8.40995,49.007921],[8.410036,49.007917],[8.410055,49.00816],[8.410093,49.00855],[8.410154,49.008547],[8.410146,49.008473],[8.410177,49.008506],[8.410193,49.008557],[8.410214,49.008741],[8.410224,49.008822],[8.410181,49.008824],[8.410176,49.008769],[8.410148,49.00877],[8.410184,49.009066],[8.410042,49.009081],[8.410011,49.008931],[8.410007,49.008776],[8.409968,49.008778],[8.409973,49.008831],[8.409937,49.008798],[8.409902,49.008494]]]}}},{"type":"Feature","geometry":{"type":"Point","coordinates":[8.402933,49.010528]},"properties":{"id":"2026V0876","titel":"Lammstraße zw. Am Schlossplatz und Zirkel","art":"Bauliche Sondernutzung","artCode":"Bauliche Sondernutzung","artKnown":true,"info":null,"von":"2026-03-01","bis":"2026-10-31","verursacher":"Privat","ampel":"teil","ampelLabel":"Teilsperrung","verkehrsmittel":{"fuss":false,"rad":false,"auto":true,"oepnv":false},"area":{"type":"MultiPolygon","coordinates":[[[[8.402853,49.010397],[8.402899,49.010389],[8.403012,49.010659],[8.402966,49.010667],[8.402853,49.010397]]],[[[8.402921,49.010287],[8.402968,49.010278],[8.403158,49.010732],[8.403112,49.01074],[8.402921,49.010287]]]]}}},{"type":"Feature","geometry":{"type":"Point","coordinates":[8.392243,49.011277]},"properties":{"id":"2026V0900","titel":"Stephanienstraße zwischen Hans-Thoma-Straße und Kaiserplatz","art":"Strom bzw. TK-Versorgung","artCode":"Strom bzw. TK-Versorgung","artKnown":true,"info":"Abwicklung in mehreren Bauabschnitten, Arbeitsstelle im Geh-, und Radwegbereich, Straßenquerungen = lokale Engstelle wechselseitig","von":"2026-05-17","bis":"2026-12-28","verursacher":"Stadtwerke Karlsruhe","ampel":"teil","ampelLabel":"Teilsperrung","verkehrsmittel":{"fuss":false,"rad":true,"auto":false,"oepnv":false},"area":{"type":"Polygon","coordinates":[[[8.389893,49.010444],[8.389929,49.010761],[8.391815,49.011163],[8.391801,49.011001],[8.391838,49.010998],[8.391852,49.011167],[8.391945,49.011187],[8.391924,49.011007],[8.391961,49.011006],[8.39198,49.0112],[8.393528,49.011541],[8.393511,49.01134],[8.393552,49.011339],[8.393569,49.01154],[8.393656,49.011561],[8.393624,49.011261],[8.393657,49.011261],[8.393694,49.011566],[8.393712,49.011578],[8.394301,49.011709],[8.394431,49.01174],[8.394651,49.011789],[8.394784,49.011816],[8.39477,49.011843],[8.394369,49.011751],[8.393897,49.011648],[8.3938,49.01163],[8.393702,49.011612],[8.393662,49.011604],[8.392663,49.011389],[8.391959,49.011234],[8.390819,49.01098],[8.389955,49.010796],[8.389935,49.010809],[8.389888,49.010914],[8.390741,49.011097],[8.390793,49.01098],[8.390833,49.010991],[8.390776,49.011107],[8.391968,49.011362],[8.392019,49.01125],[8.392054,49.011258],[8.392001,49.011369],[8.393661,49.011732],[8.393671,49.011714],[8.393669,49.011608],[8.393709,49.011615],[8.393706,49.011724],[8.39371,49.011741],[8.394245,49.011858],[8.394314,49.011739],[8.39435,49.011747],[8.394293,49.011867],[8.394632,49.01194],[8.39462,49.011965],[8.390746,49.011126],[8.389833,49.010931],[8.389886,49.010821],[8.389889,49.0108],[8.389881,49.010765],[8.389844,49.010445],[8.389893,49.010444]]]}}},{"type":"Feature","geometry":{"type":"Point","coordinates":[8.474927,48.953161]},"properties":{"id":"2026V1010","titel":"Böhmerwaldstraße zw. Mecklenburger Straße und Ludwigsburger Straße / Thüringer Straße zw. Egerlandstraße und Esslinger Srraße","art":"Gas bzw. Wasserversorgung","artCode":"Gas bzw. Wasserversorgung","artKnown":true,"info":"Vollsperrung Böhmerwaldstraße von Süden kommend an der Kreuzung zur Thüringer Straße","von":"2026-09-09","bis":"2026-10-30","verursacher":"Stadtwerke Karlsruhe","ampel":"voll","ampelLabel":"Vollsperrung","verkehrsmittel":{"fuss":false,"rad":false,"auto":true,"oepnv":false},"area":{"type":"Polygon","coordinates":[[[8.474722,48.953153],[8.474802,48.95316],[8.474814,48.95316],[8.474827,48.953159],[8.474839,48.953156],[8.47485,48.953152],[8.474864,48.953144],[8.474871,48.953138],[8.474879,48.953127],[8.474883,48.953114],[8.474884,48.953097],[8.474974,48.953097],[8.474974,48.953103],[8.474978,48.953121],[8.474988,48.953137],[8.475,48.953148],[8.475017,48.953159],[8.47504,48.953167],[8.475066,48.953171],[8.475063,48.953203],[8.474916,48.953204],[8.474843,48.953196],[8.474722,48.953153]]]}}},{"type":"Feature","geometry":{"type":"Point","coordinates":[8.475498,48.953167]},"properties":{"id":"2026V1011","titel":"Thüringer Straße zw. Böhmerwaldstraße und Esslinger Straße","art":"Gas bzw. Wasserversorgung","artCode":"Gas bzw. Wasserversorgung","artKnown":true,"info":"Vollsperrung in 2 Abschnitten","von":"2026-08-02","bis":"2026-10-31","verursacher":"Stadtwerke Karlsruhe","ampel":"voll","ampelLabel":"Vollsperrung","verkehrsmittel":{"fuss":false,"rad":false,"auto":true,"oepnv":false},"area":{"type":"Polygon","coordinates":[[[8.474943,48.953254],[8.474976,48.953117],[8.474986,48.953136],[8.474998,48.953146],[8.475016,48.953158],[8.47504,48.953167],[8.475066,48.953171],[8.475099,48.953175],[8.475144,48.953174],[8.47517,48.953174],[8.475208,48.953173],[8.475237,48.953172],[8.475264,48.953171],[8.475291,48.95317],[8.475806,48.953127],[8.475822,48.953124],[8.475849,48.953118],[8.475868,48.95311],[8.475888,48.953099],[8.475898,48.953093],[8.475912,48.953081],[8.475923,48.953066],[8.475929,48.953055],[8.47593,48.953048],[8.47593,48.953034],[8.476016,48.953086],[8.476036,48.953135],[8.475951,48.95315],[8.475868,48.953165],[8.475748,48.953182],[8.475648,48.953193],[8.47557,48.9532],[8.475497,48.953206],[8.47542,48.953212],[8.475344,48.953217],[8.475295,48.953219],[8.475057,48.953228],[8.475024,48.953229],[8.475011,48.953231],[8.474986,48.953236],[8.474965,48.953237],[8.474953,48.953248],[8.474943,48.953254]]]}}},{"type":"Feature","geometry":{"type":"Point","coordinates":[8.458983,48.989186]},"properties":{"id":"2025V0914","titel":"Ostmarkstraße zwischen Westmarkstraße und Kärntner Straße","art":"Straßenbau","artCode":"Straßenbau","artKnown":true,"info":"Abwicklung in mehreren Bauabschnitten","von":"2025-10-19","bis":"2026-10-30","verursacher":"Tiefbauamt","ampel":"voll","ampelLabel":"Vollsperrung","verkehrsmittel":{"fuss":false,"rad":false,"auto":true,"oepnv":false},"area":{"type":"Polygon","coordinates":[[[8.458078,48.989527],[8.458038,48.989462],[8.458718,48.989229],[8.459686,48.988895],[8.459696,48.988869],[8.4597,48.988857],[8.459794,48.988991],[8.459748,48.988977],[8.45945,48.989079],[8.459461,48.989109],[8.459279,48.989158],[8.459266,48.989139],[8.45894,48.989254],[8.45893,48.989266],[8.458705,48.989321],[8.458609,48.989341],[8.45826,48.989449],[8.45826,48.989465],[8.458078,48.989527]]]}}},{"type":"Feature","geometry":{"type":"Point","coordinates":[8.459091,48.989149]},"properties":{"id":"2026V1163","titel":"Ostmarkstraße zwischen Westmarkstraße und Kärntner Straße","art":"Straßenunterhaltung","artCode":"Straßenunterhaltung","artKnown":true,"info":null,"von":"2026-08-30","bis":"2026-10-30","verursacher":"Tiefbauamt","ampel":"voll","ampelLabel":"Vollsperrung","verkehrsmittel":{"fuss":false,"rad":false,"auto":true,"oepnv":false},"area":{"type":"Polygon","coordinates":[[[8.458083,48.989531],[8.458039,48.989459],[8.458357,48.989353],[8.458665,48.989246],[8.458915,48.98916],[8.459308,48.989027],[8.459684,48.9889],[8.459695,48.988875],[8.459686,48.988861],[8.459833,48.988813],[8.459841,48.988824],[8.459879,48.988833],[8.459936,48.988915],[8.459924,48.988919],[8.45991,48.988945],[8.459914,48.98895],[8.459792,48.988991],[8.459789,48.988987],[8.459751,48.988978],[8.459439,48.989082],[8.459462,48.989109],[8.459288,48.989163],[8.459271,48.989141],[8.458998,48.989235],[8.458936,48.989256],[8.458931,48.989265],[8.458683,48.989322],[8.458453,48.989388],[8.458255,48.989451],[8.458263,48.989464],[8.458083,48.989531]]]}}},{"type":"Feature","geometry":{"type":"Point","coordinates":[8.36885,48.98411]},"properties":{"id":"2026V1123","titel":"Bernhard-Lichtenberg-Straße zw. Wilhelm-Leuschner-Straße und Elisabeth-von-Thadden-Straße","art":"Fernwärmeversorgung","artCode":"Fernwärmeversorgung","artKnown":true,"info":"Arbeitsstelle im Geh-, und Radwegbereich, Straßenquerungen = lokale Engstelle wechselseitig, Abwicklung in mehreren Bauabschnitten","von":"2026-04-28","bis":"2027-03-31","verursacher":"Stadtwerke Karlsruhe","ampel":"teil","ampelLabel":"Teilsperrung","verkehrsmittel":{"fuss":false,"rad":true,"auto":false,"oepnv":false},"area":{"type":"Polygon","coordinates":[[[8.368577,48.982423],[8.368614,48.982422],[8.368623,48.982684],[8.368832,48.982684],[8.368829,48.982727],[8.368873,48.982731],[8.368881,48.983239],[8.368875,48.983558],[8.368879,48.984178],[8.368871,48.984645],[8.368883,48.985025],[8.368869,48.985187],[8.368826,48.985279],[8.368781,48.98536],[8.368701,48.985448],[8.368616,48.985524],[8.368458,48.985609],[8.368277,48.985687],[8.368136,48.985544],[8.36806,48.985561],[8.36805,48.98554],[8.368075,48.985531],[8.36808,48.985547],[8.368173,48.985515],[8.368297,48.985657],[8.368552,48.985524],[8.36853,48.985493],[8.36858,48.985465],[8.368619,48.985477],[8.368736,48.985366],[8.368809,48.985255],[8.368835,48.985156],[8.368829,48.985052],[8.368792,48.985046],[8.368802,48.985018],[8.368842,48.985015],[8.368836,48.984693],[8.368787,48.984688],[8.368775,48.984654],[8.368822,48.984651],[8.36882,48.984154],[8.368776,48.984157],[8.368782,48.984111],[8.368821,48.984116],[8.368824,48.984048],[8.368785,48.984052],[8.368788,48.984031],[8.368583,48.984029],[8.368579,48.983978],[8.36854,48.983977],[8.368547,48.983951],[8.368611,48.983953],[8.368628,48.984002],[8.368842,48.984006],[8.368837,48.983613],[8.36879,48.983606],[8.368798,48.983576],[8.368833,48.983576],[8.368836,48.983317],[8.368842,48.983258],[8.368817,48.983244],[8.368833,48.983187],[8.368761,48.983177],[8.368769,48.983156],[8.368658,48.983157],[8.368643,48.983215],[8.368549,48.983215],[8.36855,48.983182],[8.368616,48.983183],[8.368624,48.983126],[8.368841,48.983126],[8.36885,48.982758],[8.368779,48.982756],[8.36878,48.982712],[8.368578,48.982708],[8.368577,48.982423]]]}}},{"type":"Feature","geometry":{"type":"Point","coordinates":[8.391369,49.006531]},"properties":{"id":"2025V5482","titel":"Hirschstraße zw. Amalienstraße und Kriegsstraße","art":"Fernwärmeversorgung","artCode":"Fernwärmeversorgung","artKnown":true,"info":"Straßenquerung = lokale Engstelle wechselseitig","von":"2026-05-03","bis":"2026-10-16","verursacher":"Stadtwerke Karlsruhe","ampel":"teil","ampelLabel":"Teilsperrung","verkehrsmittel":{"fuss":false,"rad":false,"auto":true,"oepnv":false},"area":{"type":"Polygon","coordinates":[[[8.391464,49.006566],[8.391314,49.006575],[8.391304,49.00652],[8.3913,49.006468],[8.391353,49.006466],[8.391358,49.006523],[8.39146,49.006518],[8.391464,49.006566]]]}}},{"type":"Feature","geometry":{"type":"Point","coordinates":[8.463657,49.003179]},"properties":{"id":"2025V0643","titel":"K9659 Kreisstraße P&R Platz Höhe Bahnhof Durlach","art":"Bauliche Sondernutzung","artCode":"Bauliche Sondernutzung","artKnown":true,"info":"Entfall von 26 Abstellplätzen für Baustelleneinrichtung und Baustellenzufahrt","von":"2026-08-16","bis":"2026-10-23","verursacher":"Deutsche Bahn AG","ampel":"gering","ampelLabel":"Geringe Behinderung","verkehrsmittel":{"fuss":false,"rad":false,"auto":true,"oepnv":false},"area":{"type":"MultiPolygon","coordinates":[[[[8.464902,49.003723],[8.464921,49.003708],[8.465052,49.003782],[8.465223,49.003888],[8.465455,49.004035],[8.465543,49.004096],[8.465515,49.00412],[8.465449,49.004083],[8.46534,49.004022],[8.46529,49.003998],[8.465245,49.003977],[8.465202,49.003957],[8.465185,49.003942],[8.465154,49.003916],[8.46514,49.003891],[8.465117,49.003863],[8.465103,49.00385],[8.465068,49.003828],[8.464958,49.003784],[8.464841,49.00374],[8.464902,49.003723]]],[[[8.461958,49.002477],[8.462178,49.002558],[8.46264,49.002744],[8.462758,49.002792],[8.463112,49.002934],[8.463941,49.003268],[8.463881,49.003295],[8.462725,49.002828],[8.462571,49.002768],[8.462426,49.002722],[8.46238,49.002703],[8.46227,49.002638],[8.462147,49.002575],[8.461958,49.002477]]]]}}},{"type":"Feature","geometry":{"type":"Point","coordinates":[8.344748,49.032237]},"properties":{"id":"2026V1674","titel":"Herweghstraße zw. Struvestraße und Reinmuthstraße und Lorscher Straße","art":"Strom bzw. TK-Versorgung","artCode":"Strom bzw. TK-Versorgung","artKnown":true,"info":"Arbeitsstelle im Geh-, und Radwegbereich, Abwicklung in mehreren Bauabschnitten","von":"2026-09-20","bis":"2027-01-08","verursacher":"Stadtwerke Karlsruhe","ampel":"teil","ampelLabel":"Teilsperrung","verkehrsmittel":{"fuss":false,"rad":true,"auto":false,"oepnv":false},"area":{"type":"MultiLineString","coordinates":[[[8.343493,49.031823],[8.344058,49.032098],[8.344513,49.032316],[8.344614,49.032239],[8.344903,49.032008],[8.344928,49.03198],[8.344858,49.031938],[8.344858,49.03193],[8.344891,49.0319],[8.345072,49.031778],[8.345098,49.031789],[8.345191,49.031864],[8.345182,49.031884],[8.345143,49.031921],[8.344836,49.032165],[8.34461,49.03235],[8.344723,49.032404],[8.344924,49.032502],[8.345562,49.032806],[8.345879,49.03296]],[[8.344512,49.032317],[8.344613,49.032352]]]}}},{"type":"Feature","geometry":{"type":"Point","coordinates":[8.483427,48.946039]},"properties":{"id":"2026V1775","titel":"Talstraße zw. Im Brunnenfeld und Henrie-Arnaud-Straße","art":"Bauliche Sondernutzung","artCode":"Bauliche Sondernutzung","artKnown":true,"info":"Höhe Haus Nr. 36, 1-streifige Verkehrsführung mit Lichtsignal","von":"2026-04-12","bis":"2026-12-18","verursacher":"Gartenbauamt","ampel":"teil","ampelLabel":"Teilsperrung","verkehrsmittel":{"fuss":false,"rad":false,"auto":true,"oepnv":false},"area":{"type":"Polygon","coordinates":[[[8.483599,48.946065],[8.483256,48.946065],[8.483246,48.946013],[8.483609,48.946014],[8.483599,48.946065]]]}}},{"type":"Feature","geometry":{"type":"Point","coordinates":[8.511113,48.953939]},"properties":{"id":"2026V1795","titel":"Gänsbergstraße zw. Werrenstraße und Wiesentalstraße","art":"Gas bzw. Wasserversorgung","artCode":"Gas bzw. Wasserversorgung","artKnown":true,"info":"vs 4 Wochen","von":"2026-09-17","bis":"2026-10-09","verursacher":"Stadtwerke Karlsruhe","ampel":"voll","ampelLabel":"Vollsperrung","verkehrsmittel":{"fuss":false,"rad":false,"auto":true,"oepnv":false},"area":{"type":"Polygon","coordinates":[[[8.511424,48.953941],[8.510799,48.954006],[8.510795,48.953941],[8.511409,48.953869],[8.511424,48.953941]]]}}},{"type":"Feature","geometry":{"type":"Point","coordinates":[8.392238,48.99275]},"properties":{"id":"2026V1762","titel":"Marie-Alexandra-Straße zw. Karlstraße und Karolinenstraße","art":"Gas bzw. Wasserversorgung","artCode":"Gas bzw. Wasserversorgung","artKnown":true,"info":"Erneuerung Wasserversorgung und Hausanschlüsse in mehreren Bauabschnitten","von":"2026-09-20","bis":"2026-12-31","verursacher":"Stadtwerke Karlsruhe","ampel":"voll","ampelLabel":"Vollsperrung","verkehrsmittel":{"fuss":false,"rad":false,"auto":true,"oepnv":false},"area":{"type":"Polygon","coordinates":[[[8.391322,48.992726],[8.392321,48.99268],[8.393075,48.992646],[8.393079,48.992665],[8.393134,48.992662],[8.393135,48.99268],[8.393145,48.992751],[8.393036,48.992756],[8.393036,48.992782],[8.392338,48.992814],[8.391539,48.992849],[8.391536,48.992826],[8.39133,48.992835],[8.391322,48.992726]]]}}},{"type":"Feature","geometry":{"type":"Point","coordinates":[8.394157,49.010784]},"properties":{"id":"2026V1814","titel":"Akademiestraße zw. Douglasstraße und Karlstraße","art":"Bauliche Sondernutzung","artCode":"Bauliche Sondernutzung","artKnown":true,"info":null,"von":"2026-07-05","bis":"2026-10-16","verursacher":"Privat","ampel":"teil","ampelLabel":"Teilsperrung","verkehrsmittel":{"fuss":false,"rad":false,"auto":true,"oepnv":false},"area":{"type":"Polygon","coordinates":[[[8.39437,49.010755],[8.394374,49.010793],[8.393944,49.010813],[8.39394,49.010774],[8.39437,49.010755]]]}}},{"type":"Feature","geometry":{"type":"Point","coordinates":[8.458497,49.002912]},"properties":{"id":"2026V2274","titel":"Pfarrer-Blink-Straße zw. Untermühlstraße und Alte Karlsruher Straße","art":"Straßenbau","artCode":"Straßenbau","artKnown":true,"info":"Abwicklung in drei Bauabschnitten","von":"2026-09-22","bis":"2027-01-29","verursacher":"Tiefbauamt","ampel":"voll","ampelLabel":"Vollsperrung","verkehrsmittel":{"fuss":false,"rad":false,"auto":true,"oepnv":false},"area":{"type":"Polygon","coordinates":[[[8.458514,49.003754],[8.45853,49.003746],[8.458542,49.003732],[8.458542,49.003719],[8.458535,49.003698],[8.458476,49.003442],[8.458453,49.00323],[8.458449,49.003],[8.458463,49.002851],[8.458507,49.002614],[8.458634,49.002275],[8.458692,49.002165],[8.458716,49.002107],[8.45877,49.002061],[8.458837,49.002088],[8.458788,49.002119],[8.458749,49.002178],[8.45871,49.002257],[8.458647,49.002428],[8.458589,49.002633],[8.458542,49.002829],[8.458524,49.003066],[8.458525,49.003255],[8.458556,49.003474],[8.458613,49.003691],[8.458617,49.003712],[8.458631,49.003723],[8.458661,49.003732],[8.458514,49.003754]]]}}},{"type":"Feature","geometry":{"type":"Point","coordinates":[8.379528,49.043175]},"properties":{"id":"2026V2308","titel":"Martin-Schongauer-Weg zw. Albrecht-Altdorf-Weg und Frans-Hals-Weg","art":"Bauliche Sondernutzung","artCode":"Bauliche Sondernutzung","artKnown":true,"info":"Höhe Haus Nr. 20","von":"2026-04-26","bis":"2026-10-31","verursacher":"Privat","ampel":"voll","ampelLabel":"Vollsperrung","verkehrsmittel":{"fuss":false,"rad":false,"auto":true,"oepnv":false},"area":{"type":"Polygon","coordinates":[[[8.379491,49.043119],[8.379617,49.043193],[8.379565,49.043231],[8.379439,49.043156],[8.379491,49.043119]]]}}},{"type":"Feature","geometry":{"type":"Point","coordinates":[8.396699,49.005665]},"properties":{"id":"2026V2409","titel":"B10/ Kriegsstraße zw. Ritterstraße und Karlstor","art":"Bauliche Sondernutzung","artCode":"Bauliche Sondernutzung","artKnown":true,"info":"Arbeitsstelle im Geh-, und Radwegbereich, Radweg Kriegsstraße = geänderte Verkehrsführung im Zuge der Bauarbeiten","von":"2026-06-17","bis":"2026-10-31","verursacher":"Vermögen und Bau","ampel":"teil","ampelLabel":"Teilsperrung","verkehrsmittel":{"fuss":false,"rad":true,"auto":false,"oepnv":false},"area":{"type":"Polygon","coordinates":[[[8.395163,49.005691],[8.395162,49.005673],[8.395636,49.005676],[8.395811,49.005673],[8.395986,49.005651],[8.396091,49.005642],[8.396385,49.005639],[8.397141,49.005647],[8.397663,49.005653],[8.397975,49.005651],[8.39798,49.005699],[8.397952,49.005688],[8.397938,49.005684],[8.397901,49.005682],[8.397578,49.00568],[8.397037,49.005674],[8.396617,49.005669],[8.396405,49.005668],[8.396115,49.005667],[8.396068,49.005669],[8.396009,49.005673],[8.395945,49.005679],[8.395883,49.005684],[8.395773,49.005693],[8.395696,49.005695],[8.395163,49.005691]]]}}},{"type":"Feature","geometry":{"type":"Point","coordinates":[8.394084,49.050151]},"properties":{"id":"2026V2416","titel":"Lärchenweg zw. Fichtenweg und Donauschwabenstraße","art":"Bauliche Sondernutzung","artCode":"Bauliche Sondernutzung","artKnown":true,"info":"Höhe Haus Nr 9, Geh- und Radweg einseitig gesperrt","von":"2026-05-14","bis":"2026-10-30","verursacher":"Privat","ampel":"voll","ampelLabel":"Vollsperrung","verkehrsmittel":{"fuss":false,"rad":true,"auto":false,"oepnv":false},"area":{"type":"Polygon","coordinates":[[[8.394174,49.050205],[8.393968,49.050145],[8.393987,49.050096],[8.394205,49.050159],[8.394174,49.050205]]]}}},{"type":"Feature","geometry":{"type":"Point","coordinates":[8.357412,49.023546]},"properties":{"id":"2026V2503","titel":"Siemensallee zw. B36/ Neureuter Straße und Laubenweg","art":"Gas bzw. Wasserversorgung","artCode":"Gas bzw. Wasserversorgung","artKnown":true,"info":"Siemensallee zw. B 36 Neureuter Straße u. Hertzstraße","von":"2026-08-02","bis":"2026-10-16","verursacher":"Stadtwerke Karlsruhe","ampel":"teil","ampelLabel":"Teilsperrung","verkehrsmittel":{"fuss":false,"rad":false,"auto":true,"oepnv":false},"area":{"type":"MultiPolygon","coordinates":[[[[8.357083,49.023661],[8.357169,49.023651],[8.357509,49.023477],[8.357487,49.023431],[8.357462,49.023368],[8.357527,49.023351],[8.357546,49.023377],[8.357614,49.023403],[8.357748,49.023342],[8.357802,49.023386],[8.357265,49.023681],[8.357021,49.023798],[8.357,49.023752],[8.3571,49.02371],[8.357045,49.023697],[8.357083,49.023661]]],[[[8.355974,49.024317],[8.355946,49.024295],[8.356611,49.023958],[8.356624,49.023989],[8.355974,49.024317]]],[[[8.356935,49.024164],[8.356971,49.024146],[8.357221,49.024784],[8.357272,49.024912],[8.357304,49.025003],[8.357314,49.025049],[8.357324,49.025107],[8.357323,49.025126],[8.357316,49.025119],[8.35713,49.024657],[8.357015,49.02436],[8.356935,49.024164]]],[[[8.356646,49.022972],[8.356709,49.023078],[8.356782,49.023242],[8.356847,49.02341],[8.356894,49.023535],[8.356918,49.023587],[8.356936,49.0236],[8.356963,49.023624],[8.356983,49.023635],[8.356961,49.02367],[8.356939,49.023659],[8.356887,49.023615],[8.356853,49.023535],[8.356715,49.023174],[8.356664,49.023042],[8.356646,49.022972]]]]}}},{"type":"Feature","geometry":{"type":"Point","coordinates":[8.44901,49.014131]},"properties":{"id":"2026V2667","titel":"Hinterwiesenweg zw. Koyweg und Jagdstraße","art":"Strom bzw. TK-Versorgung","artCode":"Strom bzw. TK-Versorgung","artKnown":true,"info":"Abwicklung in mehreren Bauabschnitten","von":"2026-04-21","bis":"2028-07-17","verursacher":"Stadtwerke Karlsruhe","ampel":"teil","ampelLabel":"Teilsperrung","verkehrsmittel":{"fuss":false,"rad":false,"auto":true,"oepnv":false},"area":{"type":"Polygon","coordinates":[[[8.446872,49.011954],[8.446977,49.01206],[8.44703,49.012107],[8.44716,49.012189],[8.44748,49.012444],[8.447623,49.012573],[8.447748,49.012646],[8.448002,49.012795],[8.448097,49.012897],[8.44828,49.013084],[8.448628,49.013418],[8.448626,49.013434],[8.448647,49.01348],[8.448743,49.013692],[8.448813,49.013845],[8.448852,49.01384],[8.448939,49.014014],[8.449053,49.014179],[8.449167,49.014347],[8.449324,49.014568],[8.449419,49.014712],[8.449518,49.014839],[8.449715,49.015115],[8.449692,49.015138],[8.449821,49.015341],[8.449778,49.015415],[8.449795,49.015438],[8.449861,49.015436],[8.449896,49.015456],[8.450097,49.01575],[8.450074,49.015755],[8.449994,49.015649],[8.449861,49.015461],[8.449777,49.015454],[8.449031,49.015758],[8.449011,49.015753],[8.449765,49.015444],[8.449751,49.015413],[8.44894,49.015756],[8.448918,49.015748],[8.449194,49.015636],[8.449753,49.015394],[8.449794,49.015323],[8.449653,49.015125],[8.449683,49.015112],[8.449467,49.014795],[8.448975,49.014096],[8.448838,49.013856],[8.448798,49.013866],[8.448711,49.013686],[8.448601,49.013445],[8.448608,49.013421],[8.448377,49.01321],[8.448224,49.013045],[8.447992,49.012814],[8.447601,49.012587],[8.447325,49.012334],[8.447277,49.012296],[8.447133,49.012182],[8.447023,49.012122],[8.446982,49.012084],[8.446913,49.012021],[8.44686,49.011959],[8.446872,49.011954]]]}}},{"type":"Feature","geometry":{"type":"Point","coordinates":[8.44426,49.012888]},"properties":{"id":"2026V2668","titel":"Forststraße zw. Ernststraße und Weinweg","art":"Strom bzw. TK-Versorgung","artCode":"Strom bzw. TK-Versorgung","artKnown":true,"info":"Arbeitsstelle im Geh-, und Radwegbereich, Straßenquerungen = lokale Engstelle wechselseitig, Abwicklung in mehreren Bauabschnitten","von":"2026-04-21","bis":"2028-05-22","verursacher":"Stadtwerke Karlsruhe","ampel":"teil","ampelLabel":"Teilsperrung","verkehrsmittel":{"fuss":false,"rad":true,"auto":false,"oepnv":false},"area":{"type":"Polygon","coordinates":[[[8.441987,49.013718],[8.441991,49.013707],[8.443406,49.013005],[8.443419,49.012984],[8.443396,49.012956],[8.443345,49.012921],[8.443359,49.01291],[8.443425,49.012969],[8.443427,49.013005],[8.443235,49.013108],[8.442151,49.013641],[8.442203,49.01368],[8.443373,49.013109],[8.44351,49.01306],[8.443539,49.013071],[8.443614,49.013053],[8.44362,49.013036],[8.443579,49.012971],[8.443602,49.012964],[8.444515,49.012748],[8.444854,49.01266],[8.445235,49.012566],[8.445249,49.012576],[8.444652,49.012724],[8.443604,49.012975],[8.44364,49.013029],[8.444981,49.012711],[8.445288,49.012639],[8.445276,49.012607],[8.445249,49.012558],[8.445226,49.012499],[8.445486,49.012428],[8.445517,49.012434],[8.445756,49.012257],[8.445781,49.012266],[8.445507,49.012457],[8.445478,49.012444],[8.445246,49.01251],[8.44526,49.012522],[8.445277,49.012564],[8.445297,49.012593],[8.445304,49.012648],[8.445335,49.012655],[8.445501,49.012603],[8.445494,49.012572],[8.445691,49.012448],[8.445784,49.012399],[8.445935,49.012346],[8.445877,49.012291],[8.445778,49.012248],[8.445792,49.012235],[8.445889,49.012278],[8.445905,49.012266],[8.446101,49.012077],[8.446203,49.011952],[8.446231,49.011927],[8.446286,49.011895],[8.446318,49.011893],[8.44636,49.011932],[8.446635,49.011972],[8.446803,49.011961],[8.44686,49.011957],[8.446868,49.01197],[8.446623,49.011982],[8.446456,49.011962],[8.44635,49.011945],[8.446306,49.011908],[8.446223,49.011961],[8.446152,49.012037],[8.445903,49.012285],[8.445955,49.012348],[8.445881,49.012377],[8.445765,49.012431],[8.445617,49.01252],[8.445517,49.01258],[8.44554,49.012623],[8.445324,49.012681],[8.4453,49.01266],[8.445277,49.012654],[8.444736,49.012781],[8.443872,49.012987],[8.443643,49.013041],[8.443643,49.013065],[8.443522,49.013092],[8.443514,49.013079],[8.44339,49.01312],[8.443151,49.013236],[8.442223,49.013694],[8.442068,49.013778],[8.442053,49.013766],[8.442188,49.013696],[8.44213,49.013654],[8.441987,49.013718]]]}}},{"type":"Feature","geometry":{"type":"Point","coordinates":[8.391418,49.007211]},"properties":{"id":"2026V2716","titel":"Hirschstraße zw. Amalinestraße und Sophienstraße","art":"Bauliche Sondernutzung","artCode":"Bauliche Sondernutzung","artKnown":true,"info":null,"von":"2026-05-07","bis":"2026-10-19","verursacher":"Privat","ampel":"teil","ampelLabel":"Teilsperrung","verkehrsmittel":{"fuss":false,"rad":false,"auto":true,"oepnv":false},"area":{"type":"Polygon","coordinates":[[[8.391387,49.007303],[8.391367,49.007124],[8.391449,49.00712],[8.391469,49.007299],[8.391387,49.007303]]]}}},{"type":"Feature","geometry":{"type":"Point","coordinates":[8.468582,48.95682]},"properties":{"id":"2026V2745","titel":"L623/ Am Wetterbach zw. Zur Ziegelhütte und Bachstraße","art":"geänderte Verkehrsführung im Zuge von Baumaßnahmen","artCode":"geänderte Verkehrsführung im Zuge von Baumaßnahmen","artKnown":true,"info":"signalisierte 1-streifige Verkehrsführung","von":"2026-09-22","bis":"2026-12-31","verursacher":"Gartenbauamt","ampel":"teil","ampelLabel":"Teilsperrung","verkehrsmittel":{"fuss":false,"rad":false,"auto":true,"oepnv":false},"area":{"type":"Polygon","coordinates":[[[8.468307,48.956651],[8.468517,48.956753],[8.468561,48.956718],[8.468845,48.956858],[8.468859,48.956862],[8.468962,48.956927],[8.468924,48.956946],[8.468811,48.956946],[8.468628,48.956916],[8.468452,48.956909],[8.468509,48.956851],[8.468216,48.956727],[8.468307,48.956651]]]}}},{"type":"Feature","geometry":{"type":"Point","coordinates":[8.389613,48.997918]},"properties":{"id":"2026V2881","titel":"Vincentiusstraße zw. Südendstraße und Graf-Rhena-Straße","art":"Bauliche Sondernutzung","artCode":"Bauliche Sondernutzung","artKnown":true,"info":null,"von":"2026-05-10","bis":"2026-11-30","verursacher":"Privat","ampel":"voll","ampelLabel":"Vollsperrung","verkehrsmittel":{"fuss":false,"rad":false,"auto":true,"oepnv":false},"area":{"type":"Polygon","coordinates":[[[8.389701,48.997968],[8.389537,48.997976],[8.389526,48.997868],[8.38969,48.997861],[8.389701,48.997968]]]}}},{"type":"Feature","geometry":{"type":"Point","coordinates":[8.428022,49.023151]},"properties":{"id":"2026V3008","titel":"Rintheimer Querallee und Büchiger Allee","art":"Strom bzw. TK-Versorgung","artCode":"Strom bzw. TK-Versorgung","artKnown":true,"info":"ca. 5 Wochen Bauzeit, Arbeitsstelle im Geh-, und Radwegbereich, Abwicklung in mehreren Bauabschnitten","von":"2026-08-04","bis":"2026-10-25","verursacher":"Stadtwerke Karlsruhe","ampel":"teil","ampelLabel":"Teilsperrung","verkehrsmittel":{"fuss":false,"rad":true,"auto":false,"oepnv":false},"area":{"type":"MultiLineString","coordinates":[[[8.429856,49.024116],[8.42975,49.024076],[8.429769,49.023949],[8.42983,49.023885],[8.429778,49.023865],[8.429735,49.023835],[8.42968,49.023769],[8.429793,49.023811]],[[8.429681,49.023769],[8.429519,49.023713],[8.42896,49.023504],[8.428515,49.023336],[8.42763,49.023003],[8.427581,49.022985],[8.427534,49.022951],[8.427394,49.022944],[8.427382,49.022944],[8.427343,49.022961]],[[8.427534,49.022952],[8.427369,49.023027],[8.427267,49.023072],[8.427084,49.023186],[8.42697,49.023258],[8.426874,49.02331],[8.426762,49.023365],[8.426768,49.023436],[8.426397,49.023646],[8.425782,49.023984],[8.426384,49.024455],[8.426431,49.024492],[8.426756,49.024482]]]}}},{"type":"Feature","geometry":{"type":"Point","coordinates":[8.47753,48.971312]},"properties":{"id":"2026V4194","titel":"Zweibrückener Straße zw. Rehbuckel und Ebersteinstraße","art":"Gas bzw. Wasserversorgung","artCode":"Gas bzw. Wasserversorgung","artKnown":true,"info":null,"von":"2026-08-30","bis":"2026-10-12","verursacher":"Stadtwerke Karlsruhe","ampel":"voll","ampelLabel":"Vollsperrung","verkehrsmittel":{"fuss":false,"rad":false,"auto":true,"oepnv":false},"area":{"type":"Polygon","coordinates":[[[8.477402,48.971065],[8.477406,48.971018],[8.477482,48.971017],[8.477483,48.971147],[8.477476,48.971147],[8.4775,48.971221],[8.47751,48.971227],[8.477565,48.971365],[8.477716,48.971577],[8.477733,48.971602],[8.477683,48.971625],[8.477547,48.971446],[8.477499,48.97137],[8.477419,48.971182],[8.477411,48.971145],[8.477402,48.971065]]]}}},{"type":"Feature","geometry":{"type":"Point","coordinates":[8.505439,49.003775]},"properties":{"id":"2026V3029","titel":"Karl-Martin-Graff-Straße zw. Gustav-Hofmann-Straße und Winkler-Dentz-Straße","art":"Gas bzw. Wasserversorgung","artCode":"Gas bzw. Wasserversorgung","artKnown":true,"info":null,"von":"2026-10-01","bis":"2027-01-11","verursacher":"Stadtwerke Karlsruhe","ampel":"voll","ampelLabel":"Vollsperrung","verkehrsmittel":{"fuss":false,"rad":false,"auto":true,"oepnv":false},"area":{"type":"Polygon","coordinates":[[[8.505893,49.003829],[8.505873,49.003881],[8.505514,49.003819],[8.505216,49.003762],[8.504976,49.003726],[8.504992,49.003673],[8.505123,49.00369],[8.505676,49.003787],[8.505893,49.003829]]]}}},{"type":"Feature","geometry":{"type":"Point","coordinates":[8.459887,48.995517]},"properties":{"id":"2024V2069","titel":"Gebietsausbau Hauptbahnstraße, Raiherwiesenstraße, Bleichstraße, Schinnrainstraße","art":"Strom bzw. TK-Versorgung","artCode":"Strom bzw. TK-Versorgung","artKnown":true,"info":"Arbeitsstelle im Geh-, und Radwegbereich, Abwicklung in mehreren Bauabschnitten, Straßenquerungen = lokale Engstelle wechselseitig","von":"2026-09-20","bis":"2026-10-31","verursacher":"Telekommunikation","ampel":"teil","ampelLabel":"Teilsperrung","verkehrsmittel":{"fuss":false,"rad":true,"auto":false,"oepnv":false},"area":{"type":"MultiLineString","coordinates":[[[8.460636,48.996091],[8.46064,48.996109]],[[8.460824,48.996074],[8.460828,48.996091]],[[8.459703,48.99614],[8.459687,48.996137]],[[8.46095,48.996088],[8.46083,48.9961]],[[8.46083,48.9961],[8.460642,48.996118]],[[8.460642,48.996118],[8.460455,48.996138]],[[8.460455,48.996138],[8.460352,48.996148]],[[8.460352,48.996148],[8.460339,48.996149]],[[8.460339,48.996149],[8.460156,48.996167]],[[8.460156,48.996167],[8.459775,48.996209]],[[8.459775,48.996209],[8.459763,48.99621]],[[8.460292,48.995298],[8.460199,48.995236]],[[8.460199,48.995236],[8.460143,48.995199]],[[8.45857,48.995195],[8.458558,48.995232]],[[8.458439,48.995165],[8.458423,48.995213]],[[8.460762,48.995777],[8.460793,48.995767]],[[8.460826,48.995849],[8.460849,48.995842]],[[8.459571,48.995082],[8.459791,48.995187]],[[8.459424,48.99499],[8.459572,48.994874]],[[8.459883,48.995652],[8.45986,48.995649]],[[8.459871,48.995728],[8.459835,48.995723]],[[8.460038,48.995495],[8.459995,48.995462]],[[8.460679,48.995686],[8.460712,48.995673]],[[8.459123,48.994717],[8.459213,48.994864]],[[8.459213,48.994864],[8.459528,48.995053]],[[8.459528,48.995053],[8.459571,48.995082]],[[8.459571,48.995082],[8.459834,48.994951]],[[8.45917,48.99528],[8.459158,48.995318]],[[8.459313,48.995301],[8.4593,48.99534]],[[8.458993,48.995254],[8.458979,48.995291]],[[8.458639,48.995196],[8.458624,48.995242]],[[8.458706,48.995207],[8.458691,48.995251]],[[8.458773,48.995223],[8.45876,48.995262]],[[8.458507,48.995172],[8.45849,48.995223]],[[8.460451,48.996115],[8.460453,48.996127]],[[8.459819,48.99593],[8.459769,48.995923]],[[8.460333,48.996124],[8.460336,48.996138]],[[8.459764,48.996061],[8.459725,48.996056]],[[8.460149,48.996137],[8.460153,48.996155]],[[8.459849,48.995819],[8.459809,48.995813]],[[8.460126,48.99522],[8.460143,48.995199]],[[8.460143,48.995199],[8.460143,48.995161]],[[8.460143,48.995161],[8.459997,48.99505]],[[8.459997,48.99505],[8.459933,48.995007]],[[8.459933,48.995007],[8.459851,48.994944]],[[8.458624,48.995242],[8.45862,48.995251]],[[8.4593,48.99534],[8.459297,48.995349]],[[8.458979,48.995291],[8.458976,48.995302]],[[8.458691,48.995251],[8.458688,48.995261]],[[8.45876,48.995262],[8.458758,48.99527]],[[8.458558,48.995232],[8.458554,48.995242]],[[8.458423,48.995213],[8.458419,48.995223]],[[8.45849,48.995223],[8.458487,48.995232]],[[8.459834,48.994951],[8.459851,48.994944]],[[8.459158,48.995318],[8.459154,48.995328]],[[8.46039,48.995429],[8.460449,48.995401]],[[8.460542,48.995575],[8.460599,48.995551]],[[8.460449,48.995401],[8.460473,48.995391]],[[8.460828,48.996091],[8.46083,48.9961]],[[8.46064,48.996109],[8.460642,48.996118]],[[8.460793,48.995767],[8.460816,48.995761]],[[8.460599,48.995551],[8.460618,48.995545]],[[8.460712,48.995673],[8.460731,48.995666]],[[8.459835,48.995723],[8.459822,48.995721]],[[8.460336,48.996138],[8.460339,48.996149]],[[8.459809,48.995813],[8.459793,48.99581]],[[8.459769,48.995923],[8.459757,48.995921]],[[8.45986,48.995649],[8.459845,48.995647]],[[8.460849,48.995842],[8.460872,48.995834]],[[8.460153,48.996155],[8.460156,48.996167]],[[8.459995,48.995462],[8.459989,48.995456]],[[8.460453,48.996127],[8.460455,48.996138]],[[8.459725,48.996056],[8.459714,48.996055]],[[8.459763,48.99621],[8.459762,48.99621]],[[8.459762,48.99621],[8.459709,48.996213]],[[8.459709,48.996213],[8.459663,48.996212]],[[8.459663,48.996212],[8.459687,48.996138]],[[8.459687,48.996138],[8.459687,48.996137]],[[8.459687,48.996137],[8.459687,48.996137]],[[8.459687,48.996137],[8.459714,48.996055]],[[8.459714,48.996055],[8.459753,48.995932]],[[8.459753,48.995932],[8.459757,48.995921]],[[8.459757,48.995921],[8.459793,48.99581]],[[8.459793,48.99581],[8.459822,48.995721]],[[8.459822,48.995721],[8.459845,48.995647]],[[8.459845,48.995647],[8.45989,48.995508]],[[8.45989,48.995508],[8.459989,48.995456]],[[8.459989,48.995456],[8.459992,48.995455]],[[8.460473,48.995391],[8.460494,48.995412]],[[8.460494,48.995412],[8.460498,48.995416]],[[8.460498,48.995416],[8.460524,48.995442]],[[8.460524,48.995442],[8.460532,48.99545]],[[8.460532,48.99545],[8.460564,48.995486]],[[8.460564,48.995486],[8.460618,48.995545]],[[8.460618,48.995545],[8.460639,48.995564]],[[8.460639,48.995564],[8.46065,48.995575]],[[8.46065,48.995575],[8.460674,48.995601]],[[8.460674,48.995601],[8.460684,48.995611]],[[8.460684,48.995611],[8.460731,48.995666]],[[8.460731,48.995666],[8.460792,48.995736]],[[8.460792,48.995736],[8.460816,48.995761]],[[8.460816,48.995761],[8.460848,48.995801]],[[8.460848,48.995801],[8.460872,48.995834]],[[8.460872,48.995834],[8.460975,48.995977]],[[8.460975,48.995977],[8.460986,48.995996]],[[8.460986,48.995996],[8.460987,48.996027]],[[8.460987,48.996027],[8.460985,48.99604]],[[8.460985,48.99604],[8.46095,48.996088]],[[8.459992,48.995455],[8.460292,48.995298]],[[8.458419,48.995223],[8.458487,48.995232]],[[8.458487,48.995232],[8.458554,48.995242]],[[8.458554,48.995242],[8.45862,48.995251]],[[8.45862,48.995251],[8.458688,48.995261]],[[8.458688,48.995261],[8.458758,48.99527]],[[8.458758,48.99527],[8.458906,48.995291]],[[8.458906,48.995291],[8.458976,48.995302]],[[8.458976,48.995302],[8.459154,48.995328]],[[8.459154,48.995328],[8.459771,48.995417]],[[8.459771,48.995417],[8.460116,48.995234]],[[8.460116,48.995234],[8.460126,48.99522]]]}}},{"type":"Feature","geometry":{"type":"Point","coordinates":[8.391719,49.008831]},"properties":{"id":"2026V3146","titel":"Kaiserstraße, Hirschstraße, Amalinestraße","art":"Strom bzw. TK-Versorgung","artCode":"Strom bzw. TK-Versorgung","artKnown":true,"info":"Arbeitsstelle im Geh-, und Radwegbereich, Abwicklung in mehreren Bauabschnitten","von":"2026-05-17","bis":"2026-10-31","verursacher":"Stadtwerke Karlsruhe","ampel":"teil","ampelLabel":"Teilsperrung","verkehrsmittel":{"fuss":false,"rad":true,"auto":false,"oepnv":false},"area":{"type":"MultiPolygon","coordinates":[[[[8.391603,49.008159],[8.391596,49.008117],[8.391628,49.008116],[8.391639,49.008158],[8.391603,49.008159]]],[[[8.391489,49.008156],[8.391484,49.008126],[8.391512,49.008125],[8.391516,49.008155],[8.391489,49.008156]]],[[[8.392337,49.008626],[8.392379,49.00861],[8.392394,49.008623],[8.392351,49.008639],[8.392337,49.008626]]],[[[8.391574,49.008602],[8.391576,49.008648],[8.391547,49.008651],[8.391538,49.008604],[8.391574,49.008602]]],[[[8.391697,49.008713],[8.391675,49.008717],[8.391669,49.008672],[8.391692,49.008671],[8.391697,49.008713]]],[[[8.391767,49.00884],[8.391725,49.008853],[8.391677,49.00882],[8.391697,49.008806],[8.391767,49.00884]]],[[[8.391115,49.009049],[8.391164,49.009031],[8.391177,49.009045],[8.391128,49.009064],[8.391115,49.009049]]],[[[8.39156,49.00892],[8.391547,49.008899],[8.391597,49.008882],[8.391598,49.008908],[8.39156,49.00892]]],[[[8.391527,49.009066],[8.39157,49.009049],[8.391587,49.009061],[8.391543,49.00908],[8.391527,49.009066]]],[[[8.391614,49.009291],[8.39161,49.009262],[8.39164,49.009262],[8.391641,49.009291],[8.391614,49.009291]]],[[[8.391878,49.010046],[8.391922,49.010043],[8.391924,49.010056],[8.391879,49.010062],[8.391878,49.010046]]]]}}},{"type":"Feature","geometry":{"type":"Point","coordinates":[8.409222,49.001515]},"properties":{"id":"2026V3192","titel":"Werderstraße zw. Marienstraße und Rüppurrer Straße","art":"Gas bzw. Wasserversorgung","artCode":"Gas bzw. Wasserversorgung","artKnown":true,"info":"Höhe Haus Nr 68","von":"2026-07-14","bis":"2026-10-30","verursacher":"Stadtwerke Karlsruhe","ampel":"teil","ampelLabel":"Teilsperrung","verkehrsmittel":{"fuss":false,"rad":false,"auto":true,"oepnv":false},"area":{"type":"Polygon","coordinates":[[[8.409134,49.001525],[8.409138,49.001501],[8.409311,49.001506],[8.409307,49.00153],[8.409134,49.001525]]]}}},{"type":"Feature","geometry":{"type":"Point","coordinates":[8.423901,49.016368]},"properties":{"id":"2026V3196","titel":"Werthmannstraße zw. Pastor-Felke-Straße und Kloserweg","art":"Fernwärmeversorgung","artCode":"Fernwärmeversorgung","artKnown":true,"info":null,"von":"2026-08-17","bis":"2026-10-09","verursacher":"Stadtwerke Karlsruhe","ampel":"voll","ampelLabel":"Vollsperrung","verkehrsmittel":{"fuss":false,"rad":false,"auto":true,"oepnv":false},"area":{"type":"Polygon","coordinates":[[[8.423865,49.016478],[8.423849,49.016263],[8.423938,49.01626],[8.423954,49.016471],[8.423865,49.016478]]]}}},{"type":"Feature","geometry":{"type":"Point","coordinates":[8.388868,49.008769]},"properties":{"id":"2026V4246","titel":"Belfortstraße zw. Reinhold-Frank-Straße und Leopoldstraße","art":"Bauliche Sondernutzung","artCode":"Bauliche Sondernutzung","artKnown":true,"info":"Höhe Haus Nr 6","von":"2026-09-06","bis":"2026-12-07","verursacher":"Privat","ampel":"teil","ampelLabel":"Teilsperrung","verkehrsmittel":{"fuss":false,"rad":false,"auto":true,"oepnv":false},"area":{"type":"Polygon","coordinates":[[[8.38877,49.008799],[8.388765,49.008748],[8.388969,49.008739],[8.388969,49.008791],[8.38877,49.008799]]]}}},{"type":"Feature","geometry":{"type":"Point","coordinates":[8.367076,49.027432]},"properties":{"id":"2026V3250","titel":"Kropsburgweg, Madenburgweg, Binsenschlauchweg, Landauer Str., Bienwaldstr.","art":"Strom bzw. TK-Versorgung","artCode":"Strom bzw. TK-Versorgung","artKnown":true,"info":"Arbeitsstelle im Geh-, und Radwegbereich, Straßenquerungen = lokale Engstelle wechselseitig, Abwicklung in mehreren Bauabschnitten","von":"2026-08-05","bis":"2027-03-12","verursacher":"Stadtwerke Karlsruhe","ampel":"teil","ampelLabel":"Teilsperrung","verkehrsmittel":{"fuss":false,"rad":true,"auto":false,"oepnv":false},"area":{"type":"MultiLineString","coordinates":[[[8.365641,49.026697],[8.365677,49.026693],[8.366219,49.02675],[8.366315,49.026759],[8.366431,49.026752],[8.366551,49.026726],[8.366675,49.026933],[8.367156,49.026808],[8.367187,49.02678],[8.367188,49.026738],[8.367163,49.026698],[8.367942,49.026492],[8.369155,49.026167]],[[8.365641,49.026697],[8.365668,49.026579]],[[8.367076,49.027432],[8.367635,49.027283],[8.367686,49.02727],[8.367741,49.027266]],[[8.366026,49.030646],[8.365765,49.030656],[8.365123,49.030687]],[[8.369766,49.030466],[8.369905,49.03046],[8.369943,49.030468],[8.369983,49.030466]],[[8.36763,49.0289],[8.367666,49.028938],[8.36768,49.028935]],[[8.368981,49.02875],[8.369067,49.028721],[8.369168,49.028839]],[[8.370746,49.026464],[8.370681,49.026343]],[[8.370634,49.026508],[8.370654,49.026489],[8.37077,49.026458]],[[8.366285,49.027493],[8.366259,49.027521],[8.366277,49.0278],[8.366307,49.028203],[8.366234,49.028266],[8.36616,49.02861],[8.366083,49.029072],[8.36606,49.029236],[8.366026,49.029638],[8.366013,49.030073],[8.366017,49.030396],[8.366026,49.030646]],[[8.369155,49.026167],[8.369247,49.026144],[8.369418,49.026446],[8.36939,49.026665],[8.369578,49.026608],[8.370279,49.026424],[8.370283,49.026252],[8.370649,49.026246],[8.370644,49.026353],[8.370724,49.026331]],[[8.366212,49.030638],[8.366026,49.030646]],[[8.36564,49.0267],[8.365498,49.027267],[8.365469,49.027399],[8.365525,49.027405]],[[8.366058,49.029224],[8.365126,49.029227],[8.365095,49.029258]],[[8.367871,49.027245],[8.367885,49.027219],[8.368299,49.027106]],[[8.368813,49.028807],[8.36894,49.028794]],[[8.368942,49.028704],[8.36898,49.02875],[8.368981,49.02877],[8.368959,49.028789],[8.368943,49.028794]],[[8.36537,49.027789],[8.36541,49.0276],[8.365417,49.027554],[8.365438,49.027467],[8.365451,49.02743],[8.365491,49.027416],[8.365525,49.027405],[8.36629,49.027495],[8.366279,49.027484],[8.366304,49.027366]],[[8.369022,49.028803],[8.369007,49.028781],[8.368958,49.028787]],[[8.368427,49.030537],[8.368428,49.030521]],[[8.367307,49.030575],[8.367329,49.030581],[8.367425,49.030577],[8.367483,49.03058],[8.368493,49.030534]],[[8.366058,49.029244],[8.366171,49.029244],[8.366196,49.029225],[8.366249,49.029217],[8.366454,49.029216],[8.366565,49.029123],[8.366679,49.029095],[8.367093,49.029033]],[[8.367085,49.029034],[8.367592,49.028952],[8.367616,49.028936],[8.36763,49.028917],[8.36763,49.0289],[8.367622,49.028879],[8.367599,49.028855]],[[8.367752,49.028899],[8.367682,49.028823]],[[8.365499,49.027272],[8.366374,49.027375],[8.3667,49.027412],[8.366994,49.027334],[8.367072,49.027358],[8.368471,49.026983],[8.368466,49.02694],[8.369355,49.026697],[8.369391,49.026665]],[[8.369766,49.030466],[8.369763,49.030472],[8.368708,49.030521],[8.368649,49.030527],[8.368511,49.030533]]]}}},{"type":"Feature","geometry":{"type":"Point","coordinates":[8.407159,49.009393]},"properties":{"id":"2025V0142","titel":"Kaiserstraße zw. Kreuzstraße und Kronenstraße","art":"Straßenbau","artCode":"Straßenbau","artKnown":true,"info":null,"von":"2026-05-03","bis":"2026-11-20","verursacher":"Tiefbauamt","ampel":"teil","ampelLabel":"Teilsperrung","verkehrsmittel":{"fuss":false,"rad":false,"auto":true,"oepnv":false},"area":{"type":"Polygon","coordinates":[[[8.407642,49.009405],[8.406637,49.009438],[8.406654,49.009387],[8.406928,49.009374],[8.40764,49.009345],[8.407642,49.009405]]]}}},{"type":"Feature","geometry":{"type":"Point","coordinates":[8.396922,49.011386]},"properties":{"id":"2026V3317","titel":"Akademiestraße zw. Hans-Thoma-Straße und Karlstraße","art":"Kanalbau","artCode":"Kanalbau","artKnown":true,"info":"Inlinereinzug, Abwicklung in mehreren Bauabschnitten, lokale Sperrungen im Bereich der Kanalschächte","von":"2026-08-16","bis":"2026-10-30","verursacher":"Tiefbauamt","ampel":"teil","ampelLabel":"Teilsperrung","verkehrsmittel":{"fuss":false,"rad":false,"auto":true,"oepnv":false},"area":{"type":"Polygon","coordinates":[[[8.3952,49.010802],[8.395208,49.010781],[8.399004,49.01209],[8.398993,49.012106],[8.395196,49.010812],[8.3952,49.010802]]]}}},{"type":"Feature","geometry":{"type":"Point","coordinates":[8.396922,49.011386]},"properties":{"id":"2026V3318","titel":"Karlstraße zw. Kaiserstraße und Akademiestraße","art":"Kanalbau","artCode":"Kanalbau","artKnown":true,"info":"Inlinereinzug, Abwicklung in mehreren Bauabschnitten, lokale Sperrungen im Bereich der Kanalschächte","von":"2026-06-19","bis":"2026-10-30","verursacher":"Tiefbauamt","ampel":"teil","ampelLabel":"Teilsperrung","verkehrsmittel":{"fuss":false,"rad":false,"auto":true,"oepnv":false},"area":{"type":"Polygon","coordinates":[[[8.3952,49.010802],[8.395208,49.010781],[8.399004,49.01209],[8.398993,49.012106],[8.395196,49.010812],[8.3952,49.010802]]]}}},{"type":"Feature","geometry":{"type":"Point","coordinates":[8.475669,48.999394]},"properties":{"id":"2026V3515","titel":"Pfinztalstraße zw. Badener Straße u. Eichelgasse; Badener Straße zwischen Karl-Weysser-Straße und Pfintalstraße","art":"Gleisbau","artCode":"Gleisbau","artKnown":true,"info":"Badener Straße ab Karl-Weyser-Straße = Einbahnstraße in Richtung Hengstplatz","von":"2026-09-23","bis":"2026-11-22","verursacher":"Verkehrsbetriebe Karlsruhe","ampel":"voll","ampelLabel":"Vollsperrung","verkehrsmittel":{"fuss":false,"rad":false,"auto":true,"oepnv":true},"area":{"type":"MultiPolygon","coordinates":[[[[8.474674,48.999237],[8.474684,48.999184],[8.474834,48.999207],[8.474974,48.999241],[8.475121,48.999285],[8.475232,48.999326],[8.47539,48.999386],[8.475429,48.999399],[8.475443,48.999403],[8.47552,48.999407],[8.475556,48.999407],[8.4756,48.999401],[8.475599,48.999425],[8.475448,48.999533],[8.475294,48.99943],[8.475124,48.999353],[8.475047,48.999326],[8.474974,48.999304],[8.474755,48.999249],[8.474674,48.999237]]],[[[8.475487,48.99955],[8.47556,48.999502],[8.475573,48.999512],[8.475505,48.999561],[8.475487,48.99955]]],[[[8.475651,48.999453],[8.475654,48.999339],[8.47582,48.999208],[8.476117,48.998967],[8.476235,48.998872],[8.47635,48.99878],[8.476376,48.998759],[8.476385,48.998743],[8.476383,48.998724],[8.476399,48.998746],[8.476409,48.998774],[8.476403,48.998805],[8.476376,48.998843],[8.476206,48.998959],[8.475786,48.999322],[8.475651,48.999453]]]]}}},{"type":"Feature","geometry":{"type":"Point","coordinates":[8.398492,48.984331]},"properties":{"id":"2026V3554","titel":"Nürnberger Straße zw. Rechts der Alb und Sperberweg","art":"Straßenbau","artCode":"Straßenbau","artKnown":true,"info":"Einengung der Fahrbahn mit Lichtsignalanlage, Sperberweg Einbahnstraße in südlicher FAhrtrichtung","von":"2026-09-14","bis":"2026-11-09","verursacher":"Tiefbauamt","ampel":"teil","ampelLabel":"Teilsperrung","verkehrsmittel":{"fuss":false,"rad":false,"auto":true,"oepnv":false},"area":{"type":"Polygon","coordinates":[[[8.398847,48.984329],[8.398845,48.984337],[8.398842,48.984344],[8.398836,48.984361],[8.398835,48.984378],[8.398774,48.984397],[8.398104,48.984335],[8.398114,48.984292],[8.398161,48.984296],[8.398168,48.984262],[8.398736,48.984319],[8.398738,48.98431],[8.398822,48.984317],[8.398831,48.98427],[8.398861,48.984272],[8.398847,48.984329]]]}}},{"type":"Feature","geometry":{"type":"Point","coordinates":[8.392014,49.002682]},"properties":{"id":"2026V3599","titel":"Sonntagstraße Gleisüberfahrt Mathystraße","art":"Fernwärmeversorgung","artCode":"Fernwärmeversorgung","artKnown":true,"info":"Sonntagstraße = Anliegerfahrbahn 1-streifige Verlehrsführung","von":"2026-09-14","bis":"2026-11-07","verursacher":"Stadtwerke Karlsruhe","ampel":"voll","ampelLabel":"Vollsperrung","verkehrsmittel":{"fuss":false,"rad":false,"auto":true,"oepnv":true},"area":{"type":"Polygon","coordinates":[[[8.391874,49.002749],[8.391907,49.002674],[8.391937,49.002613],[8.392046,49.002607],[8.392047,49.002619],[8.392055,49.002632],[8.392066,49.002642],[8.392092,49.002649],[8.392117,49.002651],[8.392151,49.002651],[8.392177,49.002651],[8.392187,49.002657],[8.39219,49.002681],[8.392192,49.002692],[8.39215,49.002701],[8.392074,49.002712],[8.392028,49.002727],[8.392013,49.002754],[8.391874,49.002749]]]}}},{"type":"Feature","geometry":{"type":"Point","coordinates":[8.395979,49.064597]},"properties":{"id":"2026V3654","titel":"Verbindungsbrücke zw. B 36 von Eggenstein kommend Richtung Linkenheimer Landstraße","art":"Brückenbau","artCode":"Brückenbau","artKnown":true,"info":"1-streifige Verkehrsführung","von":"2026-08-24","bis":"2026-12-15","verursacher":"Land  Baden - Württemberg","ampel":"teil","ampelLabel":"Teilsperrung","verkehrsmittel":{"fuss":false,"rad":false,"auto":true,"oepnv":false},"area":{"type":"Polygon","coordinates":[[[8.395952,49.064562],[8.396286,49.064675],[8.39656,49.064765],[8.39695,49.064871],[8.397418,49.064964],[8.3978,49.065024],[8.398177,49.065119],[8.397873,49.065095],[8.39783,49.065094],[8.397665,49.06506],[8.397366,49.065016],[8.397045,49.064952],[8.396827,49.064901],[8.39662,49.064846],[8.396386,49.064774],[8.396168,49.064698],[8.395991,49.064631],[8.395749,49.064529],[8.395601,49.064461],[8.395415,49.064368],[8.395305,49.064307],[8.395284,49.064318],[8.394788,49.064006],[8.394451,49.063726],[8.394614,49.063748],[8.394907,49.063974],[8.395239,49.064192],[8.39541,49.064293],[8.395609,49.064392],[8.395952,49.064562]]]}}},{"type":"Feature","geometry":{"type":"Point","coordinates":[8.387524,49.00879]},"properties":{"id":"2026V3707","titel":"Belfortstraße zw. Reinhold-Frank-Straße und Leopoldstraße","art":"Fernwärmeversorgung","artCode":"Fernwärmeversorgung","artKnown":true,"info":null,"von":"2026-07-29","bis":"2026-11-13","verursacher":"Stadtwerke Karlsruhe","ampel":"teil","ampelLabel":"Teilsperrung","verkehrsmittel":{"fuss":false,"rad":false,"auto":true,"oepnv":false},"area":{"type":"Polygon","coordinates":[[[8.387433,49.008804],[8.387431,49.008784],[8.387613,49.008776],[8.387615,49.008797],[8.387433,49.008804]]]}}},{"type":"Feature","geometry":{"type":"Point","coordinates":[8.36893,49.000729]},"properties":{"id":"2026V3724","titel":"Südtangente zw. AS 5 und AS 7","art":"Kraneinsatz","artCode":"Kraneinsatz","artKnown":true,"info":"genauer Termin noch nicht bekannt, 2-4 Nächte, beide Fahrtrichtungen, wechselseitig, Austausch der Wegweisungen","von":"2026-10-04","bis":"2026-10-09","verursacher":"Tiefbauamt","ampel":"teil","ampelLabel":"Teilsperrung","verkehrsmittel":{"fuss":false,"rad":false,"auto":true,"oepnv":false},"area":{"type":"MultiPolygon","coordinates":[[[[8.358156,49.008722],[8.358144,49.008684],[8.358228,49.008672],[8.35824,49.008711],[8.358156,49.008722]]],[[[8.363918,49.006263],[8.363961,49.006295],[8.36389,49.006335],[8.363848,49.006304],[8.363918,49.006263]]],[[[8.36883,49.000701],[8.368875,49.000667],[8.36903,49.000756],[8.368985,49.00079],[8.36883,49.000701]]],[[[8.371228,48.998439],[8.371127,48.99839],[8.371201,48.998324],[8.371265,48.998376],[8.371228,48.998439]]]]}}},{"type":"Feature","geometry":{"type":"Point","coordinates":[8.453874,48.978811]},"properties":{"id":"2025V5639","titel":"Steinbügelstraße zw. Wettersteinstraße und Hörgelstraße","art":"Gas bzw. Wasserversorgung","artCode":"Gas bzw. Wasserversorgung","artKnown":true,"info":"Abwicklung in mehreren Bauabschnitten a 50 m, 1-streifige Verkehrsführung","von":"2026-06-21","bis":"2027-03-31","verursacher":"Stadtwerke Karlsruhe","ampel":"teil","ampelLabel":"Teilsperrung","verkehrsmittel":{"fuss":false,"rad":false,"auto":true,"oepnv":false},"area":{"type":"Polygon","coordinates":[[[8.454751,48.978022],[8.454706,48.978063],[8.454989,48.978185],[8.455092,48.978236],[8.455077,48.97824],[8.455064,48.978255],[8.455044,48.97825],[8.45506,48.978232],[8.454897,48.978162],[8.454674,48.978376],[8.454522,48.978522],[8.45447,48.978561],[8.454542,48.978591],[8.454536,48.978599],[8.454461,48.978573],[8.454433,48.978583],[8.454438,48.978626],[8.454191,48.978746],[8.454166,48.978752],[8.454181,48.978775],[8.454162,48.978778],[8.454152,48.978757],[8.454032,48.978788],[8.454043,48.978811],[8.454028,48.978815],[8.454012,48.978796],[8.453858,48.97882],[8.453744,48.978832],[8.453651,48.978833],[8.453559,48.978831],[8.453377,48.978823],[8.453101,48.978811],[8.452707,48.978793],[8.452288,48.978767],[8.452251,48.97876],[8.452223,48.978869],[8.452195,48.978876],[8.452191,48.978867],[8.452209,48.978857],[8.452235,48.97876],[8.452049,48.978736],[8.452029,48.978739],[8.452024,48.978731],[8.452044,48.978723],[8.45224,48.978747],[8.45232,48.978757],[8.45275,48.978783],[8.45357,48.978819],[8.453565,48.978766],[8.453582,48.978765],[8.453595,48.97882],[8.453671,48.978822],[8.45374,48.978821],[8.453851,48.978808],[8.454006,48.978782],[8.454157,48.978739],[8.454419,48.978622],[8.454412,48.978579],[8.45451,48.978513],[8.454671,48.978364],[8.454646,48.978352],[8.454651,48.978344],[8.454681,48.978356],[8.454885,48.978154],[8.454655,48.978058],[8.454668,48.978051],[8.454684,48.978056],[8.454729,48.978011],[8.454751,48.978022]]]}}},{"type":"Feature","geometry":{"type":"Point","coordinates":[8.387623,49.007605]},"properties":{"id":"2026V3807","titel":"Sophienstraße Kreuzung Reinhold-Frank-Straße","art":"Gas bzw. Wasserversorgung","artCode":"Gas bzw. Wasserversorgung","artKnown":true,"info":"Wegen Sperrung Reinhold-Frank-Straße in südlicher Fahrtrichtung, Zusammenlegung der Linksabbiegerstreifen auf den Geradeaus-Rechts-Fahrstreifen","von":"2026-07-28","bis":"2027-07-04","verursacher":"Stadtwerke Karlsruhe","ampel":"teil","ampelLabel":"Teilsperrung","verkehrsmittel":{"fuss":false,"rad":false,"auto":true,"oepnv":false},"area":{"type":"MultiPolygon","coordinates":[[[[8.386443,49.007672],[8.386569,49.007641],[8.386951,49.007623],[8.386954,49.007648],[8.386443,49.007672]]],[[[8.387419,49.007627],[8.387417,49.007601],[8.387688,49.007591],[8.387758,49.007588],[8.387817,49.007585],[8.387872,49.007588],[8.3878,49.007609],[8.387419,49.007627]]]]}}},{"type":"Feature","geometry":{"type":"Point","coordinates":[8.422751,49.013015]},"properties":{"id":"2026V3911","titel":"Parkstraße zw. Karl-Wilhem-Platz und Am Fasanengarten","art":"Fernwärmeversorgung","artCode":"Fernwärmeversorgung","artKnown":true,"info":null,"von":"2026-09-30","bis":"2026-10-31","verursacher":"Stadtwerke Karlsruhe","ampel":"teil","ampelLabel":"Teilsperrung","verkehrsmittel":{"fuss":false,"rad":false,"auto":true,"oepnv":false},"area":{"type":"Polygon","coordinates":[[[8.422837,49.013024],[8.422774,49.013016],[8.422772,49.013025],[8.422656,49.013014],[8.422658,49.013004],[8.422763,49.013015],[8.422767,49.013006],[8.422838,49.013013],[8.422839,49.013017],[8.422837,49.013024]]]}}},{"type":"Feature","geometry":{"type":"Point","coordinates":[8.433331,48.998717]},"properties":{"id":"2026V3932","titel":"Rußweg zw. Langenbruchweg und Mastweidenweg","art":"Fernwärmeversorgung","artCode":"Fernwärmeversorgung","artKnown":true,"info":"Geh- und Radweg = gesperrt","von":"2026-06-21","bis":"2026-10-30","verursacher":"Stadtwerke Karlsruhe","ampel":"voll","ampelLabel":"Vollsperrung","verkehrsmittel":{"fuss":false,"rad":true,"auto":false,"oepnv":false},"area":{"type":"Polygon","coordinates":[[[8.43815,48.999538],[8.438156,48.999579],[8.438048,48.99957],[8.437675,48.999593],[8.437213,48.999617],[8.436882,48.999593],[8.436458,48.999519],[8.436012,48.999419],[8.435425,48.999278],[8.434578,48.999055],[8.433848,48.998874],[8.433552,48.998787],[8.432131,48.998422],[8.431317,48.998169],[8.430822,48.99805],[8.42956,48.997733],[8.428963,48.997441],[8.428522,48.997345],[8.428287,48.997234],[8.428346,48.997225],[8.428453,48.997293],[8.428816,48.997379],[8.428993,48.997429],[8.429336,48.997602],[8.4296,48.997717],[8.430429,48.997925],[8.431303,48.998133],[8.43135,48.998029],[8.431422,48.997717],[8.431566,48.997034],[8.4316,48.997026],[8.431375,48.998068],[8.431386,48.998174],[8.431463,48.998197],[8.431597,48.998232],[8.432063,48.998373],[8.432519,48.998492],[8.433771,48.998819],[8.434065,48.998888],[8.435027,48.999129],[8.435493,48.999255],[8.43595,48.999367],[8.436332,48.999459],[8.436745,48.999536],[8.437001,48.99957],[8.43737,48.999565],[8.437764,48.999557],[8.438143,48.999527],[8.43815,48.999538]]]}}},{"type":"Feature","geometry":{"type":"Point","coordinates":[8.397039,49.050575]},"properties":{"id":"2026V3414","titel":"Lärchenweg zw. Zehntwaldstraße und Donauschwabenstraße","art":"Gas bzw. Wasserversorgung","artCode":"Gas bzw. Wasserversorgung","artKnown":true,"info":null,"von":"2026-08-30","bis":"2026-10-14","verursacher":"Stadtwerke Karlsruhe","ampel":"voll","ampelLabel":"Vollsperrung","verkehrsmittel":{"fuss":false,"rad":false,"auto":true,"oepnv":false},"area":{"type":"Polygon","coordinates":[[[8.397692,49.05062],[8.397563,49.050617],[8.397429,49.050612],[8.397349,49.05061],[8.397178,49.050601],[8.396935,49.050585],[8.396787,49.050575],[8.39648,49.050553],[8.396361,49.050544],[8.39637,49.050493],[8.396391,49.050498],[8.396385,49.05052],[8.396855,49.050556],[8.397046,49.050567],[8.397202,49.050575],[8.397444,49.050585],[8.397567,49.05059],[8.397694,49.05059],[8.397692,49.05062]]]}}},{"type":"Feature","geometry":{"type":"Point","coordinates":[8.413382,49.012096]},"properties":{"id":"2026V4127","titel":"Fritz-Haber-Weg","art":"Bauliche Sondernutzung","artCode":"Bauliche Sondernutzung","artKnown":true,"info":null,"von":"2026-07-14","bis":"2026-11-30","verursacher":"Privat","ampel":"voll","ampelLabel":"Vollsperrung","verkehrsmittel":{"fuss":false,"rad":false,"auto":true,"oepnv":false},"area":{"type":"MultiPolygon","coordinates":[[[[8.413416,49.01214],[8.413355,49.012142],[8.413347,49.012053],[8.413408,49.01205],[8.413416,49.01214]]],[[[8.413232,49.011723],[8.413228,49.011788],[8.413135,49.011796],[8.413142,49.011733],[8.413232,49.011723]]]]}}},{"type":"Feature","geometry":{"type":"Point","coordinates":[8.446894,49.028771]},"properties":{"id":"2026V4252","titel":"Hirschberger Straße","art":"Strom bzw. TK-Versorgung","artCode":"Strom bzw. TK-Versorgung","artKnown":true,"info":"Arbeitsstelle im Geh-, und Radwegbereich, Straßenquerungen = lokale Engstelle wechselseitig, Abwicklung in mehreren Bauabschnitten","von":"2026-09-13","bis":"2026-10-09","verursacher":"Stadtwerke Karlsruhe","ampel":"teil","ampelLabel":"Teilsperrung","verkehrsmittel":{"fuss":false,"rad":true,"auto":false,"oepnv":false},"area":{"type":"Polygon","coordinates":[[[8.445866,49.029394],[8.445841,49.029394],[8.445842,49.029304],[8.44585,49.029293],[8.445861,49.029278],[8.445877,49.029265],[8.445887,49.029257],[8.446035,49.029258],[8.446034,49.029217],[8.446052,49.029218],[8.446054,49.029256],[8.446615,49.029261],[8.446615,49.029216],[8.446648,49.029213],[8.446646,49.029261],[8.446754,49.029261],[8.446836,49.029242],[8.446884,49.029188],[8.44688,49.027778],[8.44688,49.027769],[8.44688,49.027758],[8.446887,49.02775],[8.446907,49.027739],[8.446929,49.027733],[8.44695,49.027727],[8.447022,49.027726],[8.44702,49.027743],[8.44694,49.027744],[8.446928,49.027746],[8.44692,49.02775],[8.446908,49.027762],[8.446907,49.027773],[8.446906,49.027851],[8.446906,49.027989],[8.446905,49.029154],[8.446905,49.029196],[8.446837,49.029259],[8.446757,49.029272],[8.445982,49.029272],[8.445907,49.029273],[8.445893,49.029274],[8.445878,49.02928],[8.445867,49.02929],[8.445867,49.029318],[8.445866,49.029394]]]}}},{"type":"Feature","geometry":{"type":"Point","coordinates":[8.445442,49.035342]},"properties":{"id":"2025V6065","titel":"Waldstadt","art":"Gleisbau","artCode":"Gleisbau","artKnown":true,"info":"Abwicklung in mehreren Bauabschnitten","von":"2026-07-12","bis":"2026-12-18","verursacher":"Verkehrsbetriebe Karlsruhe","ampel":"teil","ampelLabel":"Teilsperrung","verkehrsmittel":{"fuss":false,"rad":false,"auto":false,"oepnv":true},"area":{"type":"MultiPolygon","coordinates":[[[[8.44158,49.031676],[8.441702,49.031625],[8.441679,49.031475],[8.441704,49.031219],[8.441791,49.031106],[8.441916,49.030991],[8.442092,49.030888],[8.442281,49.030821],[8.442532,49.030768],[8.444139,49.030508],[8.445313,49.030312],[8.44605,49.030192],[8.446773,49.03007],[8.447093,49.029973],[8.447454,49.029797],[8.447376,49.029742],[8.447664,49.029546],[8.447488,49.029454],[8.44749,49.029482],[8.44738,49.029484],[8.447383,49.029382],[8.447483,49.029385],[8.447558,49.029425],[8.447705,49.029519],[8.447904,49.029383],[8.447984,49.029443],[8.448553,49.02908],[8.44877,49.028871],[8.448887,49.028609],[8.44888,49.028405],[8.448716,49.027811],[8.448553,49.027208],[8.448433,49.026769],[8.448294,49.026284],[8.448231,49.026037],[8.448333,49.026021],[8.448343,49.02605],[8.448489,49.026628],[8.448638,49.027218],[8.448917,49.028157],[8.449015,49.028638],[8.448918,49.028871],[8.448727,49.029076],[8.448412,49.029313],[8.448307,49.029416],[8.447969,49.029602],[8.447407,49.02993],[8.44708,49.030064],[8.44677,49.03015],[8.444946,49.030451],[8.443044,49.030757],[8.442397,49.03087],[8.4419,49.031101],[8.44178,49.031299],[8.441771,49.03149],[8.441938,49.031712],[8.442198,49.031992],[8.442708,49.032554],[8.44336,49.033189],[8.44386,49.03367],[8.444015,49.033825],[8.444025,49.033821],[8.444051,49.033846],[8.444039,49.033851],[8.444498,49.034312],[8.444786,49.034594],[8.444997,49.034795],[8.445456,49.035285],[8.445607,49.035433],[8.446307,49.036137],[8.446575,49.036399],[8.446823,49.03666],[8.446811,49.036607],[8.447151,49.036804],[8.447515,49.036923],[8.447913,49.03703],[8.44811,49.037083],[8.448265,49.037168],[8.448336,49.037229],[8.448363,49.037295],[8.44837,49.037372],[8.448355,49.037439],[8.448321,49.037503],[8.448237,49.037564],[8.448161,49.037601],[8.448066,49.037628],[8.447955,49.037629],[8.447833,49.037619],[8.447809,49.0376],[8.447987,49.037615],[8.448152,49.037576],[8.448272,49.037497],[8.448322,49.037414],[8.448316,49.037293],[8.44818,49.037153],[8.447968,49.037065],[8.4475,49.036953],[8.447134,49.03682],[8.446827,49.036664],[8.446856,49.036695],[8.447215,49.037038],[8.447315,49.037137],[8.447368,49.037189],[8.447419,49.03724],[8.447462,49.037283],[8.447517,49.037337],[8.447568,49.037388],[8.447644,49.037435],[8.447771,49.037562],[8.447837,49.037637],[8.447918,49.03787],[8.447919,49.038075],[8.447818,49.038326],[8.4477,49.038645],[8.447771,49.038929],[8.447977,49.039129],[8.448299,49.039325],[8.448846,49.039645],[8.449431,49.039983],[8.449922,49.040284],[8.450538,49.040642],[8.450864,49.040817],[8.451404,49.041193],[8.451642,49.041442],[8.451693,49.041655],[8.451657,49.041803],[8.451552,49.04196],[8.45134,49.042106],[8.45097,49.042241],[8.450473,49.042397],[8.449291,49.042778],[8.44791,49.043172],[8.446959,49.043433],[8.44694,49.043381],[8.448761,49.042861],[8.450194,49.042417],[8.45118,49.042086],[8.451381,49.041978],[8.451507,49.041861],[8.451575,49.041686],[8.451553,49.04151],[8.451487,49.041378],[8.45131,49.041222],[8.450788,49.04086],[8.449753,49.040266],[8.448874,49.039758],[8.448361,49.039466],[8.447869,49.039166],[8.447659,49.038989],[8.447578,49.038768],[8.447591,49.038578],[8.447735,49.038233],[8.447809,49.037955],[8.447795,49.0378],[8.44772,49.037662],[8.447616,49.037545],[8.447246,49.037177],[8.446895,49.036828],[8.446566,49.036502],[8.446444,49.03638],[8.446016,49.035952],[8.445639,49.035593],[8.445396,49.035354],[8.445335,49.035334],[8.444866,49.034854],[8.444572,49.03457],[8.444604,49.034554],[8.444318,49.034273],[8.443932,49.033893],[8.443914,49.0339],[8.443893,49.033879],[8.44391,49.033872],[8.443887,49.033849],[8.443402,49.033367],[8.443096,49.033064],[8.442832,49.032802],[8.442362,49.032335],[8.442327,49.032359],[8.441922,49.032027],[8.44158,49.031676]]],[[[8.446628,49.044529],[8.446677,49.044518],[8.446727,49.044507],[8.446838,49.044733],[8.446866,49.044725],[8.446882,49.044756],[8.446853,49.044762],[8.446885,49.044827],[8.447031,49.045104],[8.447159,49.045239],[8.44736,49.045351],[8.447473,49.04539],[8.447583,49.045479],[8.447593,49.045619],[8.447509,49.045744],[8.447319,49.045817],[8.447173,49.045823],[8.447037,49.045793],[8.446901,49.045722],[8.446835,49.045609],[8.446901,49.045324],[8.446917,49.045142],[8.446778,49.044788],[8.446773,49.04478],[8.446743,49.044786],[8.446734,49.044759],[8.446757,49.044753],[8.446628,49.044529]],[[8.446677,49.044518],[8.446972,49.045112],[8.44688,49.044926],[8.446677,49.044518]],[[8.446914,49.045607],[8.446986,49.045724],[8.44715,49.045771],[8.447282,49.045774],[8.447393,49.045746],[8.447486,49.045684],[8.447514,49.045614],[8.447525,49.045524],[8.447458,49.045441],[8.447283,49.045351],[8.447112,49.045257],[8.446972,49.045112],[8.446977,49.045268],[8.446932,49.045476],[8.446914,49.045607]]]]}}},{"type":"Feature","geometry":{"type":"Point","coordinates":[8.445096,49.021187]},"properties":{"id":"2026V4335","titel":"Haid-und-Neu-Straße zw. Hirtenweg und Karlsruher Straße","art":"Gleisbau","artCode":"Gleisbau","artKnown":true,"info":"Sperrung Anliegerfahrbahn für KfZ, Verschwenk der Fahrbahn über den Grünstreifen, Tageweise einstreifige Verkehrsführung mit Signalisierung","von":"2026-07-12","bis":"2026-10-25","verursacher":"Verkehrsbetriebe Karlsruhe","ampel":"teil","ampelLabel":"Teilsperrung","verkehrsmittel":{"fuss":false,"rad":false,"auto":true,"oepnv":true},"area":{"type":"MultiPolygon","coordinates":[[[[8.444222,49.020487],[8.444278,49.020457],[8.444395,49.020549],[8.444612,49.020722],[8.444833,49.020903],[8.444964,49.021017],[8.445028,49.021072],[8.445311,49.021325],[8.445635,49.021619],[8.445857,49.021822],[8.445771,49.021871],[8.445408,49.021494],[8.445159,49.021269],[8.444947,49.02108],[8.444827,49.020976],[8.444576,49.020768],[8.444222,49.020487]]],[[[8.443876,49.020034],[8.444377,49.020207],[8.444722,49.020463],[8.445023,49.020694],[8.445234,49.020875],[8.445383,49.021016],[8.445646,49.021261],[8.445988,49.021556],[8.446062,49.021742],[8.445991,49.021789],[8.445555,49.021393],[8.445151,49.021059],[8.44482,49.02078],[8.444346,49.020384],[8.443876,49.020034]]]]}}},{"type":"Feature","geometry":{"type":"Point","coordinates":[8.445017,49.034845]},"properties":{"id":"2026V4340","titel":"Glogauer Straße zw. Beuthener Straße und Kösliner Straße","art":"Gleisbau","artCode":"Gleisbau","artKnown":true,"info":null,"von":"2026-09-08","bis":"2026-10-25","verursacher":"Verkehrsbetriebe Karlsruhe","ampel":"teil","ampelLabel":"Teilsperrung","verkehrsmittel":{"fuss":false,"rad":false,"auto":false,"oepnv":true},"area":{"type":"Polygon","coordinates":[[[8.444615,49.034267],[8.444693,49.034344],[8.444683,49.034422],[8.444996,49.034727],[8.445087,49.034692],[8.445178,49.034778],[8.445284,49.034841],[8.445332,49.034868],[8.445385,49.034969],[8.445459,49.035028],[8.445517,49.03511],[8.445543,49.035169],[8.445572,49.035215],[8.445605,49.03525],[8.445342,49.035362],[8.444352,49.034378],[8.444615,49.034267]]]}}},{"type":"Feature","geometry":{"type":"Point","coordinates":[8.445058,49.034882]},"properties":{"id":"2026V4344","titel":"Glogauer Straße zw. Lauenburger Straße und Kösliner Straße","art":"Gleisbau","artCode":"Gleisbau","artKnown":true,"info":null,"von":"2026-10-01","bis":"2026-11-01","verursacher":"Verkehrsbetriebe Karlsruhe","ampel":"teil","ampelLabel":"Teilsperrung","verkehrsmittel":{"fuss":false,"rad":false,"auto":false,"oepnv":true},"area":{"type":"Polygon","coordinates":[[[8.444647,49.034298],[8.444689,49.03434],[8.444668,49.034423],[8.444993,49.034724],[8.445046,49.034694],[8.445081,49.03473],[8.445217,49.034863],[8.445291,49.034915],[8.445391,49.034971],[8.44552,49.035008],[8.445615,49.035152],[8.445656,49.035218],[8.445342,49.035362],[8.444724,49.034747],[8.4444,49.034425],[8.444647,49.034298]]]}}},{"type":"Feature","geometry":{"type":"Point","coordinates":[8.391707,49.009771]},"properties":{"id":"2026V4479","titel":"Hirschstraße zw. Amalienstraße und Kaiserstraße","art":"Fernwärmeversorgung","artCode":"Fernwärmeversorgung","artKnown":true,"info":null,"von":"2026-08-20","bis":"2026-10-23","verursacher":"Stadtwerke Karlsruhe","ampel":"teil","ampelLabel":"Teilsperrung","verkehrsmittel":{"fuss":false,"rad":false,"auto":true,"oepnv":false},"area":{"type":"Polygon","coordinates":[[[8.39169,49.009819],[8.391678,49.009724],[8.391724,49.009724],[8.391739,49.009814],[8.39169,49.009819]]]}}},{"type":"Feature","geometry":{"type":"Point","coordinates":[8.3863,48.998591]},"properties":{"id":"2026V4484","titel":"Südendstraße zw. Brauerstraße und Boeckhstraße","art":"Strom bzw. TK-Versorgung","artCode":"Strom bzw. TK-Versorgung","artKnown":true,"info":"Arbeitsstelle im Geh-, und Radwegbereich = Südseite gesperrt, signalisierter Überweg","von":"2026-07-26","bis":"2026-11-15","verursacher":"Stadtwerke Karlsruhe","ampel":"teil","ampelLabel":"Teilsperrung","verkehrsmittel":{"fuss":false,"rad":true,"auto":false,"oepnv":false},"area":{"type":"Polygon","coordinates":[[[8.386259,48.998598],[8.386289,48.998569],[8.386337,48.998586],[8.386321,48.99861],[8.386259,48.998598]]]}}},{"type":"Feature","geometry":{"type":"Point","coordinates":[8.323152,49.042246]},"properties":{"id":"2026V4696","titel":"Essostraße","art":"Strom bzw. TK-Versorgung","artCode":"Strom bzw. TK-Versorgung","artKnown":true,"info":null,"von":"2026-08-31","bis":"2026-12-31","verursacher":"Telekommunikation","ampel":"teil","ampelLabel":"Teilsperrung","verkehrsmittel":{"fuss":false,"rad":false,"auto":true,"oepnv":false},"area":{"type":"GeometryCollection","geometries":[{"type":"LineString","coordinates":[[8.324242,49.043064],[8.323528,49.043507]]},{"type":"LineString","coordinates":[[8.322023,49.041486],[8.322145,49.041539],[8.322286,49.041627],[8.3225,49.041785],[8.322662,49.041898],[8.323063,49.042182],[8.323522,49.042512],[8.324241,49.043036]]},{"type":"MultiPolygon","coordinates":[[[[8.324293,49.043057],[8.324257,49.043079],[8.324213,49.043048],[8.324249,49.043026],[8.324293,49.043057]]],[[[8.323677,49.04339],[8.323709,49.043415],[8.323661,49.04344],[8.32363,49.043415],[8.323677,49.04339]]]]}]}}},{"type":"Feature","geometry":{"type":"Point","coordinates":[8.44756,49.029746]},"properties":{"id":"2026V4704","titel":"Im Eichbäumle","art":"Gleisbau","artCode":"Gleisbau","artKnown":true,"info":"Abwicklung in mehreren Abschnitten, Wohnwege parallel zum Gleis = gesperrt","von":"2026-07-29","bis":"2026-10-31","verursacher":"Verkehrsbetriebe Karlsruhe","ampel":"teil","ampelLabel":"Teilsperrung","verkehrsmittel":{"fuss":false,"rad":false,"auto":false,"oepnv":true},"area":{"type":"Polygon","coordinates":[[[8.447926,49.029317],[8.447974,49.02931],[8.448015,49.02929],[8.448029,49.029274],[8.448037,49.029253],[8.448035,49.029217],[8.448071,49.029226],[8.448102,49.029353],[8.448116,49.029393],[8.448133,49.029415],[8.448156,49.029453],[8.44816,49.029495],[8.448176,49.029545],[8.448134,49.029546],[8.4481,49.029548],[8.448055,49.029559],[8.448007,49.029578],[8.447966,49.029603],[8.447926,49.029636],[8.44793,49.029684],[8.447848,49.02973],[8.447749,49.029791],[8.447661,49.029848],[8.447603,49.029887],[8.447538,49.029928],[8.447489,49.029952],[8.447423,49.029993],[8.447295,49.030062],[8.447198,49.030103],[8.44704,49.030145],[8.446989,49.030166],[8.446958,49.030183],[8.446916,49.030185],[8.446922,49.030159],[8.446906,49.030116],[8.446858,49.030046],[8.447133,49.02995],[8.447066,49.029837],[8.447225,49.029809],[8.447307,49.029776],[8.447387,49.029729],[8.447896,49.02939],[8.447928,49.029327],[8.447926,49.029317]]]}}},{"type":"Feature","geometry":{"type":"Point","coordinates":[8.358059,49.021689]},"properties":{"id":"2026V4713","titel":"Laubenweg zw. Siemensallee u. Kepplerstraße","art":"Kraneinsatz","artCode":"Kraneinsatz","artKnown":true,"info":"Lokale Engstelle","von":"2026-08-09","bis":"2026-10-21","verursacher":"Privat","ampel":"teil","ampelLabel":"Teilsperrung","verkehrsmittel":{"fuss":false,"rad":false,"auto":true,"oepnv":false},"area":{"type":"Polygon","coordinates":[[[8.358006,49.02165],[8.358039,49.021638],[8.358112,49.021727],[8.358079,49.021739],[8.358006,49.02165]]]}}},{"type":"Feature","geometry":{"type":"Point","coordinates":[8.420956,49.012043]},"properties":{"id":"2026V5444","titel":"Hölderlinstraße, Emil-Gött-Straße","art":"Strom bzw. TK-Versorgung","artCode":"Strom bzw. TK-Versorgung","artKnown":true,"info":null,"von":"2026-09-13","bis":"2026-10-09","verursacher":"Stadtwerke Karlsruhe","ampel":"teil","ampelLabel":"Teilsperrung","verkehrsmittel":{"fuss":false,"rad":false,"auto":true,"oepnv":false},"area":{"type":"Polygon","coordinates":[[[8.420736,49.013249],[8.420998,49.013238],[8.420917,49.011489],[8.420554,49.011494],[8.420555,49.01152],[8.420474,49.011521],[8.420472,49.011479],[8.420945,49.01147],[8.421019,49.013231],[8.421161,49.013228],[8.421074,49.011339],[8.421016,49.011277],[8.420693,49.011281],[8.420696,49.011219],[8.420509,49.011215],[8.420508,49.011229],[8.420372,49.011226],[8.420368,49.011297],[8.420336,49.011302],[8.420345,49.011201],[8.420478,49.011206],[8.42048,49.011186],[8.420706,49.011196],[8.420751,49.010678],[8.420775,49.010679],[8.420723,49.011265],[8.421088,49.011259],[8.421177,49.013074],[8.421182,49.013237],[8.421188,49.013237],[8.421188,49.013259],[8.420737,49.01327],[8.420736,49.013249]]]}}},{"type":"Feature","geometry":{"type":"Point","coordinates":[8.368419,49.043889]},"properties":{"id":"2026V4502","titel":"Neureuter Hauptstraße, Großschneiderweg, Welschneureuter Staße, Stefan-Zweig-Straße","art":"Strom bzw. TK-Versorgung","artCode":"Strom bzw. TK-Versorgung","artKnown":true,"info":"Arbeitsstelle im Geh-, und Radwegbereich, Straßenquerungen = lokale Engstelle wechselseitig, Abwicklung in mehreren Bauabschnitten","von":"2026-09-13","bis":"2027-09-24","verursacher":"Stadtwerke Karlsruhe","ampel":"teil","ampelLabel":"Teilsperrung","verkehrsmittel":{"fuss":false,"rad":true,"auto":false,"oepnv":false},"area":{"type":"MultiLineString","coordinates":[[[8.374957,49.043438],[8.374835,49.043379]],[[8.367961,49.04365],[8.368599,49.043165],[8.368597,49.043138],[8.368566,49.043122]],[[8.376378,49.04313],[8.376271,49.043069],[8.376254,49.043049]],[[8.374507,49.044939],[8.374118,49.045227],[8.373778,49.045476],[8.373435,49.045727],[8.373067,49.045997],[8.373188,49.046065]],[[8.376032,49.042613],[8.375918,49.042706]],[[8.365518,49.043034],[8.365291,49.043207],[8.365248,49.043247],[8.365231,49.043275],[8.365224,49.043296],[8.365224,49.043322],[8.36524,49.043353],[8.365265,49.043378],[8.365389,49.043471],[8.365491,49.043545],[8.365602,49.043617]],[[8.373676,49.044482],[8.373784,49.044404],[8.373808,49.044394],[8.373988,49.044238],[8.374126,49.044125],[8.374479,49.043834],[8.375077,49.04334],[8.37552,49.042974],[8.375869,49.042685],[8.375897,49.042695],[8.375984,49.042738],[8.376258,49.043052],[8.376343,49.043009],[8.376466,49.043081],[8.376536,49.043076],[8.37665,49.04314],[8.376568,49.043203]],[[8.372918,49.044422],[8.372901,49.044407],[8.372942,49.044381],[8.373006,49.044422],[8.373248,49.044235],[8.373498,49.044387],[8.373535,49.044428]],[[8.375709,49.042655],[8.375834,49.04271]],[[8.369013,49.045481],[8.368829,49.045353],[8.368599,49.045202],[8.368362,49.045049],[8.368124,49.044893],[8.367607,49.0446],[8.367415,49.044497],[8.367205,49.044392],[8.367193,49.044384],[8.36719,49.044341],[8.367712,49.043986],[8.367941,49.043827],[8.368031,49.04383],[8.368297,49.043986],[8.368419,49.043889]],[[8.368881,49.045495],[8.368962,49.045443]],[[8.372618,49.044202],[8.372616,49.044193],[8.373072,49.044196],[8.373201,49.044275]],[[8.373079,49.045989],[8.373008,49.045948],[8.372997,49.04595],[8.372987,49.045944]],[[8.376011,49.042771],[8.376081,49.042704],[8.376094,49.042693]],[[8.368388,49.043904],[8.368118,49.04374],[8.367962,49.043648],[8.367901,49.043701],[8.367901,49.043732],[8.36746,49.044037],[8.36709,49.044291],[8.367001,49.04429],[8.366683,49.044141],[8.366483,49.044054],[8.3662,49.043928],[8.366051,49.043851],[8.365953,49.043814],[8.365783,49.043728],[8.365603,49.043617],[8.365679,49.043564],[8.365584,49.043192],[8.36558,49.043073],[8.365518,49.043034],[8.365862,49.042778],[8.365672,49.042673],[8.365584,49.042713],[8.365597,49.042728]],[[8.368317,49.043533],[8.368142,49.043669],[8.368122,49.043743]],[[8.376535,49.043076],[8.376617,49.043012],[8.376731,49.043078]],[[8.367156,49.04446],[8.367225,49.044402]],[[8.373003,49.045952],[8.373026,49.045935],[8.373826,49.045352],[8.374437,49.044901]],[[8.367026,49.044292],[8.367192,49.044376]],[[8.374001,49.04423],[8.37388,49.044166]],[[8.375778,49.042599],[8.375866,49.042683]],[[8.375996,49.042641],[8.376092,49.042693]],[[8.373692,49.044473],[8.37443,49.044892],[8.374438,49.044901],[8.374503,49.044937],[8.37452,49.04494],[8.37526,49.045359],[8.375244,49.045372]],[[8.368922,49.045524],[8.368746,49.045405],[8.368518,49.045254],[8.368292,49.045106],[8.368056,49.044952],[8.367683,49.044741],[8.367359,49.044565],[8.367249,49.044509],[8.36701,49.044388],[8.366533,49.044189],[8.36606,49.043976],[8.36589,49.043896],[8.365669,49.043778],[8.365496,49.043673],[8.365391,49.043605],[8.365285,49.043529],[8.365159,49.043432],[8.365112,49.043389],[8.365098,49.043342],[8.365102,49.043296],[8.365111,49.043278]],[[8.37676,49.043093],[8.376731,49.043078],[8.37665,49.04314]]]}}},{"type":"Feature","geometry":{"type":"Point","coordinates":[8.480425,49.004222]},"properties":{"id":"2026V4598","titel":"Pforzheimer Straße - Waldshuter Straße - Turmbergbad - Campingplatz Durlach - Bundestraßenkreuz B3 / B10","art":"Kanalbau","artCode":"Kanalbau","artKnown":true,"info":"Abwicklung in mehreren Bauabschnitten, Inlinereinzug in Kanal, Halteverbote im Bereich der Arbeitsstellen","von":"2026-09-07","bis":"2026-11-27","verursacher":"Tiefbauamt","ampel":"teil","ampelLabel":"Teilsperrung","verkehrsmittel":{"fuss":false,"rad":false,"auto":true,"oepnv":false},"area":{"type":"Polygon","coordinates":[[[8.489207,49.006721],[8.486334,49.007377],[8.484449,49.006697],[8.48396,49.006311],[8.483536,49.005877],[8.482997,49.00553],[8.481356,49.004505],[8.480673,49.004301],[8.480067,49.004155],[8.478586,49.00375],[8.477844,49.003645],[8.477169,49.00354],[8.476392,49.003474],[8.475645,49.003438],[8.474894,49.003418],[8.47413,49.003414],[8.473333,49.003411],[8.472584,49.003441],[8.472301,49.003439],[8.471562,49.003465],[8.470213,49.003554],[8.469279,49.003625],[8.468075,49.002621],[8.467808,49.00241],[8.467862,49.002386],[8.468771,49.003145],[8.469285,49.003595],[8.470211,49.003523],[8.4708,49.003488],[8.471544,49.003444],[8.472299,49.003416],[8.472574,49.003413],[8.473332,49.003383],[8.47413,49.003386],[8.474881,49.003395],[8.475638,49.003413],[8.476388,49.00345],[8.477171,49.003515],[8.478595,49.003718],[8.479886,49.004069],[8.480688,49.004269],[8.481382,49.004466],[8.481604,49.004594],[8.482032,49.00487],[8.482624,49.005259],[8.483136,49.005572],[8.483582,49.005849],[8.484014,49.006289],[8.484479,49.006659],[8.485006,49.006847],[8.486327,49.007324],[8.489033,49.006689],[8.489223,49.006668],[8.489207,49.006721]]]}}},{"type":"Feature","geometry":{"type":"Point","coordinates":[8.383624,49.013735]},"properties":{"id":"2026V4600","titel":"Maximilianstraße zw. Stabelstraße und Weberstraße","art":"Straßenbau","artCode":"Straßenbau","artKnown":true,"info":null,"von":"2026-10-04","bis":"2026-10-30","verursacher":"Tiefbauamt","ampel":"voll","ampelLabel":"Vollsperrung","verkehrsmittel":{"fuss":false,"rad":false,"auto":true,"oepnv":false},"area":{"type":"Polygon","coordinates":[[[8.384403,49.013759],[8.382853,49.013839],[8.382838,49.013712],[8.384389,49.01363],[8.384403,49.013759]]]}}},{"type":"Feature","geometry":{"type":"Point","coordinates":[8.391674,49.009604]},"properties":{"id":"2026V4615","titel":"Hirschstraße zw. Amalienstraße und Kaiserstraße","art":"Fernwärmeversorgung","artCode":"Fernwärmeversorgung","artKnown":true,"info":null,"von":"2026-07-28","bis":"2026-10-23","verursacher":"Stadtwerke Karlsruhe","ampel":"teil","ampelLabel":"Teilsperrung","verkehrsmittel":{"fuss":false,"rad":false,"auto":true,"oepnv":false},"area":{"type":"Polygon","coordinates":[[[8.391715,49.00969],[8.391653,49.009692],[8.391633,49.009518],[8.391697,49.009517],[8.391715,49.00969]]]}}},{"type":"Feature","geometry":{"type":"Point","coordinates":[8.468889,48.954704]},"properties":{"id":"2026V4632","titel":"Busenbacher Str. 13","art":"Bauliche Sondernutzung","artCode":"Bauliche Sondernutzung","artKnown":true,"info":null,"von":"2026-07-26","bis":"2027-08-24","verursacher":"Hochbau und Gebäudewirtschaft","ampel":"teil","ampelLabel":"Teilsperrung","verkehrsmittel":{"fuss":false,"rad":false,"auto":false,"oepnv":true},"area":{"type":"Polygon","coordinates":[[[8.468898,48.954875],[8.468828,48.954875],[8.468876,48.954532],[8.468954,48.95455],[8.468898,48.954875]]]}}},{"type":"Feature","geometry":{"type":"Point","coordinates":[8.366439,49.016974]},"properties":{"id":"2026V4683","titel":"Isoldestraße zw. Stösserstraße und Niebelungenstraße","art":"Bauliche Sondernutzung","artCode":"Bauliche Sondernutzung","artKnown":true,"info":null,"von":"2026-07-30","bis":"2026-12-11","verursacher":"Privat","ampel":"voll","ampelLabel":"Vollsperrung","verkehrsmittel":{"fuss":false,"rad":false,"auto":true,"oepnv":false},"area":{"type":"Polygon","coordinates":[[[8.366423,49.01685],[8.36656,49.016883],[8.366453,49.017098],[8.366319,49.017069],[8.366423,49.01685]]]}}},{"type":"Feature","geometry":{"type":"Point","coordinates":[8.402333,49.010352]},"properties":{"id":"2026V4720","titel":"Lammstraße zw. Ritterstraße u. Lammstraße","art":"Bauliche Sondernutzung","artCode":"Bauliche Sondernutzung","artKnown":true,"info":"Fuß- und Radverkehr frei, Anlieger- und Baustellenverkehr als Einrichtungsverkehr frei","von":"2026-08-13","bis":"2026-12-03","verursacher":"Privat","ampel":"gering","ampelLabel":"Geringe Behinderung","verkehrsmittel":{"fuss":false,"rad":false,"auto":true,"oepnv":false},"area":{"type":"Polygon","coordinates":[[[8.402521,49.010276],[8.402782,49.010228],[8.402801,49.010278],[8.402547,49.010323],[8.40228,49.010383],[8.401894,49.010495],[8.40186,49.010452],[8.402292,49.010325],[8.402521,49.010276]]]}}},{"type":"Feature","geometry":{"type":"Point","coordinates":[8.475982,48.994628]},"properties":{"id":"2026V4800","titel":"Schlössleweg, Badener Straße, Lußstraße","art":"Strom bzw. TK-Versorgung","artCode":"Strom bzw. TK-Versorgung","artKnown":true,"info":"Restarbeiten","von":"2026-09-04","bis":"2026-11-25","verursacher":"Stadtwerke Karlsruhe","ampel":"teil","ampelLabel":"Teilsperrung","verkehrsmittel":{"fuss":false,"rad":false,"auto":true,"oepnv":false},"area":{"type":"MultiLineString","coordinates":[[[8.475734,48.995849],[8.475502,48.995589],[8.475337,48.995406],[8.475153,48.995198],[8.475087,48.995126],[8.475072,48.995109],[8.475037,48.995067],[8.475011,48.995028],[8.474991,48.994988],[8.47494,48.99485],[8.474818,48.994453],[8.474646,48.99448],[8.474655,48.994501]],[[8.475077,48.995115],[8.475088,48.995099],[8.475173,48.99506],[8.475328,48.994993],[8.475525,48.994907],[8.475942,48.994727],[8.476271,48.994587],[8.476319,48.994568],[8.476536,48.994501],[8.476729,48.994445],[8.47684,48.994412],[8.476741,48.994312],[8.476504,48.994095],[8.476282,48.993904],[8.476063,48.993715],[8.475944,48.993608],[8.475941,48.993596],[8.475947,48.993574],[8.475973,48.993544],[8.476047,48.993477],[8.476094,48.993436],[8.476104,48.99344],[8.476089,48.993433],[8.476028,48.993488],[8.475964,48.993545],[8.475953,48.993555],[8.475798,48.993617]],[[8.475798,48.993617],[8.475852,48.993666],[8.475948,48.993749],[8.476142,48.993919],[8.476287,48.994047],[8.4764,48.994145],[8.476463,48.994199],[8.47658,48.994313],[8.476721,48.994447]],[[8.47646,48.994197],[8.476464,48.994232],[8.476423,48.994284],[8.476345,48.994392],[8.476293,48.994461],[8.476211,48.994496],[8.476107,48.99439],[8.475967,48.994251],[8.475874,48.99416],[8.475723,48.994034],[8.475638,48.993956]],[[8.476212,48.994496],[8.476175,48.994521],[8.476166,48.994545],[8.476159,48.994551],[8.475993,48.994623],[8.475791,48.994708],[8.475563,48.994807],[8.475363,48.994893],[8.475221,48.994951],[8.475137,48.994981],[8.475064,48.995001],[8.47505,48.995001],[8.475017,48.994995],[8.47499,48.994981],[8.474986,48.994976]],[[8.474818,48.994453],[8.474776,48.994366],[8.474707,48.994238],[8.474545,48.994025],[8.474378,48.993859]]]}}},{"type":"Feature","geometry":{"type":"Point","coordinates":[8.476241,48.993995]},"properties":{"id":"2026V4799","titel":"Lußstraße zw. Schlössleweg und Lußsteige","art":"Strom bzw. TK-Versorgung","artCode":"Strom bzw. TK-Versorgung","artKnown":true,"info":null,"von":"2026-07-31","bis":"2026-11-25","verursacher":"Stadtwerke Karlsruhe","ampel":"teil","ampelLabel":"Teilsperrung","verkehrsmittel":{"fuss":false,"rad":false,"auto":true,"oepnv":false},"area":{"type":"MultiPolygon","coordinates":[[[[8.476455,48.994222],[8.476452,48.994196],[8.475809,48.993631],[8.475831,48.993622],[8.476086,48.993844],[8.476471,48.99418],[8.476482,48.99419],[8.476491,48.994212],[8.476555,48.994275],[8.476555,48.994275],[8.476583,48.994282],[8.476716,48.99441],[8.476652,48.994401],[8.476555,48.994306],[8.476528,48.994284],[8.476483,48.994235],[8.476475,48.994246],[8.476455,48.994222]]],[[[8.475809,48.993631],[8.475791,48.993615],[8.475945,48.99355],[8.476092,48.993418],[8.476113,48.993428],[8.475963,48.993563],[8.475953,48.993579],[8.475951,48.99359],[8.475948,48.993606],[8.47611,48.993747],[8.476305,48.993917],[8.476847,48.994415],[8.476719,48.994462],[8.476698,48.994439],[8.476807,48.994409],[8.476712,48.994311],[8.476669,48.994267],[8.476533,48.994146],[8.476335,48.993972],[8.475973,48.993657],[8.475955,48.993642],[8.475936,48.993618],[8.475931,48.993596],[8.475932,48.993583],[8.475937,48.993571],[8.475825,48.993616],[8.475831,48.993621],[8.475809,48.993631]]]]}}},{"type":"Feature","geometry":{"type":"Point","coordinates":[8.447704,49.051309]},"properties":{"id":"2026V4843","titel":"Brücke über Pfinzentlastungskanal Stusenseer Allee","art":"Brückenbau","artCode":"Brückenbau","artKnown":true,"info":null,"von":"2026-07-30","bis":"2026-11-17","verursacher":"Land  Baden - Württemberg","ampel":"voll","ampelLabel":"Vollsperrung","verkehrsmittel":{"fuss":false,"rad":false,"auto":true,"oepnv":false},"area":{"type":"Polygon","coordinates":[[[8.447438,49.051231],[8.447539,49.05115],[8.447946,49.051364],[8.447883,49.051478],[8.447438,49.051231]]]}}},{"type":"Feature","geometry":{"type":"Point","coordinates":[8.438717,49.059828]},"properties":{"id":"2026V4844","titel":"Brücke über Pfinzentlastungskanal Friedrichstaler Allee","art":"Brückenbau","artCode":"Brückenbau","artKnown":true,"info":null,"von":"2026-07-30","bis":"2026-11-30","verursacher":"Land  Baden - Württemberg","ampel":"voll","ampelLabel":"Vollsperrung","verkehrsmittel":{"fuss":false,"rad":false,"auto":true,"oepnv":false},"area":{"type":"Polygon","coordinates":[[[8.438901,49.059868],[8.438858,49.059909],[8.43854,49.059792],[8.438571,49.059746],[8.438901,49.059868]]]}}},{"type":"Feature","geometry":{"type":"Point","coordinates":[8.403054,48.967183]},"properties":{"id":"2026V4966","titel":"Nikolausstraße zw. Lützowstraße und Allmendstraße","art":"Strom bzw. TK-Versorgung","artCode":"Strom bzw. TK-Versorgung","artKnown":true,"info":"Abwicklung in mehreren Bauabschnitten, Arbeitsstelle im Geh- und Radweg, Straßenquerungen = halbseitige lokale Engstelle","von":"2026-10-04","bis":"2027-04-02","verursacher":"Stadtwerke Karlsruhe","ampel":"teil","ampelLabel":"Teilsperrung","verkehrsmittel":{"fuss":false,"rad":true,"auto":false,"oepnv":false},"area":{"type":"LineString","coordinates":[[8.402829,48.966441],[8.402946,48.966418],[8.403012,48.966588],[8.403071,48.966748],[8.403138,48.966915],[8.403163,48.966977],[8.403197,48.967177],[8.403265,48.967569],[8.403319,48.967923],[8.403181,48.967933],[8.403125,48.967603],[8.403048,48.967151],[8.403016,48.966966],[8.403,48.966865],[8.402835,48.966448]]}}},{"type":"Feature","geometry":{"type":"Point","coordinates":[8.383095,49.014289]},"properties":{"id":"2026V2444","titel":"Maximilianstraße zw. Weberstr. u. Stabelstr.","art":"Straßenbau","artCode":"Straßenbau","artKnown":true,"info":"Abwicklung in mehreren Bauabschnitten","von":"2026-10-04","bis":"2027-03-12","verursacher":"Tiefbauamt","ampel":"voll","ampelLabel":"Vollsperrung","verkehrsmittel":{"fuss":false,"rad":false,"auto":true,"oepnv":false},"area":{"type":"MultiPolygon","coordinates":[[[[8.383947,49.014841],[8.384039,49.014837],[8.384038,49.014862],[8.38395,49.014866],[8.383947,49.014841]]],[[[8.381932,49.013642],[8.381981,49.013531],[8.382349,49.013757],[8.38239,49.013767],[8.383488,49.01371],[8.384447,49.013662],[8.384481,49.013731],[8.384443,49.01372],[8.384354,49.013723],[8.384219,49.01373],[8.384123,49.013739],[8.383956,49.013743],[8.383715,49.013759],[8.383279,49.013776],[8.383019,49.013789],[8.382718,49.013805],[8.382603,49.013813],[8.382549,49.013839],[8.382534,49.013871],[8.383926,49.014739],[8.383968,49.014741],[8.383972,49.0148],[8.383203,49.014823],[8.383132,49.014769],[8.383625,49.014758],[8.38363,49.014687],[8.383578,49.014655],[8.381932,49.013642]]]]}}},{"type":"Feature","geometry":{"type":"Point","coordinates":[8.404953,48.976327]},"properties":{"id":"2026V4990","titel":"Rastatter Straße 1 bis 103","art":"Strom bzw. TK-Versorgung","artCode":"Strom bzw. TK-Versorgung","artKnown":true,"info":"Arbeitsstellen in den Gehwegen, Abwicklung in mehreren Bauabschnitten, Aufteilung nicht vorgenommen","von":"2026-08-09","bis":"2026-12-31","verursacher":"Stadtwerke Karlsruhe","ampel":"teil","ampelLabel":"Teilsperrung","verkehrsmittel":{"fuss":true,"rad":false,"auto":false,"oepnv":false},"area":{"type":"MultiLineString","coordinates":[[[8.403429,48.973059],[8.40331,48.973108]],[[8.402945,48.979734],[8.402738,48.979974],[8.402717,48.980112]],[[8.404826,48.974777],[8.404206,48.974006],[8.403984,48.973729],[8.403806,48.973509],[8.403512,48.973144]],[[8.404977,48.974722],[8.404989,48.974726],[8.404998,48.974722],[8.405008,48.974715],[8.405329,48.974585],[8.40518,48.974428]],[[8.403133,48.979642],[8.403075,48.979617]],[[8.405711,48.975595],[8.405693,48.975589],[8.405546,48.975684],[8.405527,48.975671],[8.405545,48.975683],[8.405322,48.975826],[8.405306,48.975821]],[[8.403512,48.973144],[8.403507,48.973146],[8.403439,48.973068],[8.403429,48.973059],[8.403525,48.97302],[8.403452,48.972756],[8.403454,48.972743],[8.403399,48.97258]],[[8.403028,48.979759],[8.402951,48.979734],[8.402967,48.979715],[8.402998,48.979687],[8.403123,48.979564],[8.403419,48.979287],[8.403715,48.979008],[8.403791,48.978917],[8.403864,48.978814],[8.404001,48.978621],[8.404043,48.978553],[8.404111,48.978505],[8.404149,48.978438],[8.404139,48.978366],[8.404191,48.978266],[8.404338,48.977996],[8.404479,48.977733],[8.404576,48.977552],[8.404636,48.977424],[8.404666,48.977356],[8.404724,48.977198],[8.404773,48.977054],[8.404829,48.97686],[8.404874,48.976656],[8.404923,48.976419],[8.404953,48.976329],[8.404982,48.976265],[8.405111,48.976071],[8.405306,48.975821],[8.405203,48.975781],[8.405301,48.975646],[8.405344,48.975587],[8.405371,48.975487],[8.405307,48.975372],[8.405192,48.975228],[8.404899,48.974868],[8.404826,48.974777],[8.404982,48.97472],[8.404972,48.974708],[8.404979,48.974696],[8.404849,48.974525],[8.404684,48.974319],[8.404477,48.974068],[8.404201,48.973725],[8.403878,48.973321],[8.40384,48.973274],[8.403783,48.973163],[8.40373,48.973053],[8.403719,48.97301],[8.403687,48.972886],[8.403631,48.97267],[8.403654,48.972494],[8.403707,48.972338],[8.403739,48.972243],[8.403779,48.972116],[8.403811,48.972008],[8.403902,48.971716]],[[8.405329,48.974585],[8.405405,48.974672],[8.405068,48.974807],[8.40517,48.974934],[8.40524,48.975025],[8.405324,48.975134],[8.405339,48.975152],[8.405428,48.975267],[8.405454,48.975305],[8.405752,48.975505],[8.405757,48.975509],[8.405692,48.975589]],[[8.403788,48.978924],[8.403665,48.978887],[8.403798,48.978701],[8.403908,48.978575]],[[8.40272,48.98011],[8.402757,48.980161],[8.402826,48.980207],[8.402929,48.980254],[8.403246,48.980375],[8.403321,48.98039],[8.403646,48.980512],[8.403725,48.980515],[8.403782,48.980502],[8.403855,48.980447],[8.403911,48.980415],[8.403978,48.980344],[8.404051,48.980262],[8.404138,48.980157],[8.404347,48.979877],[8.404249,48.979844]],[[8.404021,48.980296],[8.404617,48.980421]],[[8.403065,48.979363],[8.40327,48.979435]],[[8.403665,48.978887],[8.403552,48.979008],[8.403432,48.978956]]]}}},{"type":"Feature","geometry":{"type":"Point","coordinates":[8.387393,49.009589]},"properties":{"id":"2024V5284","titel":"Reinhold-Frank-Straße zwischen Belfortstraße und Kaiserallee","art":"Fernwärmeversorgung","artCode":"Fernwärmeversorgung","artKnown":true,"info":null,"von":"2026-07-29","bis":"2026-11-13","verursacher":"Stadtwerke Karlsruhe","ampel":"teil","ampelLabel":"Teilsperrung","verkehrsmittel":{"fuss":false,"rad":false,"auto":true,"oepnv":false},"area":{"type":"MultiPolygon","coordinates":[[[[8.387289,49.008814],[8.387392,49.00881],[8.38737,49.008849],[8.387379,49.00895],[8.387401,49.009146],[8.387421,49.00933],[8.387438,49.009481],[8.38745,49.009597],[8.387492,49.009596],[8.3875,49.009634],[8.387583,49.009632],[8.387589,49.009655],[8.387458,49.009659],[8.387474,49.00972],[8.38749,49.009753],[8.387518,49.009803],[8.387548,49.009859],[8.38757,49.009928],[8.38758,49.010013],[8.387477,49.010018],[8.387455,49.009803],[8.387419,49.009715],[8.387375,49.009627],[8.387365,49.009521],[8.387335,49.00924],[8.387312,49.009026],[8.387289,49.008814]]],[[[8.387278,49.009964],[8.387279,49.009887],[8.387298,49.009781],[8.387327,49.00966],[8.387405,49.009816],[8.387433,49.010088],[8.387291,49.010095],[8.387278,49.009964]]]]}}},{"type":"Feature","geometry":{"type":"Point","coordinates":[8.372314,49.003561]},"properties":{"id":"2026V2134","titel":"Eisenlohrstraße zw. Gustav-Heller-Platz und Hübschstraße","art":"Fernwärmeversorgung","artCode":"Fernwärmeversorgung","artKnown":true,"info":"Wender Höhe Haus Nr 39","von":"2026-08-30","bis":"2026-10-10","verursacher":"Stadtwerke Karlsruhe","ampel":"teil","ampelLabel":"Teilsperrung","verkehrsmittel":{"fuss":false,"rad":false,"auto":true,"oepnv":false},"area":{"type":"MultiPolygon","coordinates":[[[[8.372078,49.003498],[8.372084,49.003447],[8.372143,49.003473],[8.372151,49.00349],[8.372143,49.003502],[8.372132,49.003511],[8.372114,49.003515],[8.372078,49.003498]]],[[[8.372433,49.003671],[8.37218,49.003549],[8.372187,49.003499],[8.372217,49.003462],[8.37252,49.003606],[8.372433,49.003671]]]]}}},{"type":"Feature","geometry":{"type":"Point","coordinates":[8.479498,48.999712]},"properties":{"id":"2026V4551","titel":"Bergbahnstraße zw. B 3 Grötzinger Straße und Am Steinbruch","art":"Abbruch/Rückbau","artCode":"Abbruch/Rückbau","artKnown":true,"info":null,"von":"2026-08-10","bis":"2026-11-02","verursacher":"Verkehrsbetriebe Karlsruhe","ampel":"voll","ampelLabel":"Vollsperrung","verkehrsmittel":{"fuss":false,"rad":false,"auto":true,"oepnv":false},"area":{"type":"MultiPolygon","coordinates":[[[[8.479155,48.999721],[8.479191,48.999742],[8.479214,48.999748],[8.479366,48.999654],[8.479404,48.999658],[8.479594,48.999537],[8.479776,48.99966],[8.479463,48.999861],[8.47945,48.99988],[8.479452,48.999909],[8.479455,48.999915],[8.479155,48.999721]]],[[[8.479667,48.999557],[8.479716,48.999526],[8.479707,48.999553],[8.479714,48.999572],[8.479731,48.99958],[8.479751,48.999583],[8.479776,48.999579],[8.4798,48.999572],[8.479744,48.999609],[8.479667,48.999557]]]]}}},{"type":"Feature","geometry":{"type":"Point","coordinates":[8.477825,48.999266]},"properties":{"id":"2026V5149","titel":"Hauckstraße zw. Gymnasiumstraße und Karl-Weysser-Straße","art":"Gleisbau","artCode":"Gleisbau","artKnown":true,"info":null,"von":"2026-08-11","bis":"2026-11-22","verursacher":"Verkehrsbetriebe Karlsruhe","ampel":"voll","ampelLabel":"Vollsperrung","verkehrsmittel":{"fuss":false,"rad":false,"auto":false,"oepnv":true},"area":{"type":"Polygon","coordinates":[[[8.477405,48.99943],[8.47819,48.999056],[8.47825,48.9991],[8.477446,48.999482],[8.477405,48.99943]]]}}},{"type":"Feature","geometry":{"type":"Point","coordinates":[8.391727,49.009079]},"properties":{"id":"2026V5159","titel":"Hirschstraße zw. Kaiserstraße und Sophienstraße","art":"Strom bzw. TK-Versorgung","artCode":"Strom bzw. TK-Versorgung","artKnown":true,"info":"Abwicklung in mehreren Bauabschnitten, lokale Arbeitsstellen im Geh- und Radwegbereich","von":"2026-08-01","bis":"2026-10-31","verursacher":"Stadtwerke Karlsruhe","ampel":"teil","ampelLabel":"Teilsperrung","verkehrsmittel":{"fuss":false,"rad":true,"auto":false,"oepnv":false},"area":{"type":"MultiPolygon","coordinates":[[[[8.391484,49.008089],[8.391502,49.008088],[8.391586,49.008881],[8.391572,49.008886],[8.391484,49.008089]]],[[[8.391608,49.008128],[8.391628,49.008129],[8.391706,49.008807],[8.391688,49.008816],[8.391608,49.008128]]],[[[8.391601,49.009093],[8.391611,49.009092],[8.391667,49.009595],[8.391716,49.010055],[8.391703,49.010056],[8.391601,49.009093]]],[[[8.391715,49.009023],[8.391727,49.009023],[8.391847,49.010044],[8.391821,49.010047],[8.391715,49.009023]]]]}}},{"type":"Feature","geometry":{"type":"Point","coordinates":[8.47394,48.999128]},"properties":{"id":"2026V5311","titel":"Pfinztalstraße zw. Marstallstaße und Karlsburgstraße","art":"Gleisbau","artCode":"Gleisbau","artKnown":true,"info":"vs 6 Wochen","von":"2026-09-20","bis":"2026-11-06","verursacher":"Verkehrsbetriebe Karlsruhe","ampel":"voll","ampelLabel":"Vollsperrung","verkehrsmittel":{"fuss":false,"rad":false,"auto":false,"oepnv":true},"area":{"type":"Polygon","coordinates":[[[8.474526,48.999153],[8.474511,48.999211],[8.474314,48.999186],[8.474194,48.999171],[8.474111,48.999161],[8.473973,48.999147],[8.473898,48.999142],[8.473742,48.999133],[8.473542,48.999131],[8.473419,48.999131],[8.473325,48.999137],[8.473318,48.999096],[8.47345,48.999083],[8.473535,48.999073],[8.473671,48.999078],[8.473817,48.999081],[8.473995,48.999093],[8.474099,48.999102],[8.474332,48.999131],[8.474526,48.999153]]]}}},{"type":"Feature","geometry":{"type":"Point","coordinates":[8.448072,49.025332]},"properties":{"id":"2026V0367","titel":"Haid-und-Neu-Straße zw. Am Sportpark und Sinsheimer Straße","art":"Gleisbau","artCode":"Gleisbau","artKnown":true,"info":null,"von":"2026-09-20","bis":"2026-10-12","verursacher":"Verkehrsbetriebe Karlsruhe","ampel":"gering","ampelLabel":"Geringe Behinderung","verkehrsmittel":{"fuss":false,"rad":false,"auto":false,"oepnv":true},"area":{"type":"Polygon","coordinates":[[[8.447872,49.025057],[8.448103,49.025024],[8.448268,49.025617],[8.448048,49.025642],[8.447872,49.025057]]]}}},{"type":"Feature","geometry":{"type":"Point","coordinates":[8.441634,49.031301]},"properties":{"id":"2026V5327","titel":"Glogauer Straße zw. Königsberger Straße und Im Eichbäumle","art":"Gleisbau","artCode":"Gleisbau","artKnown":true,"info":"Erneuerung Bahnübergang, halbseitige Sperrung mit wechselnder Verkehrsführung, KfZ nur in Fahrtrichtung Süden möglich","von":"2026-09-27","bis":"2026-11-21","verursacher":"Verkehrsbetriebe Karlsruhe","ampel":"teil","ampelLabel":"Teilsperrung","verkehrsmittel":{"fuss":false,"rad":false,"auto":true,"oepnv":true},"area":{"type":"Polygon","coordinates":[[[8.441885,49.031563],[8.4417,49.031608],[8.441624,49.031567],[8.441576,49.031527],[8.441495,49.031432],[8.441371,49.031312],[8.441255,49.030917],[8.441299,49.030923],[8.44132,49.030929],[8.441369,49.030955],[8.441403,49.030997],[8.441474,49.031096],[8.441536,49.031103],[8.441725,49.031058],[8.442031,49.031504],[8.441885,49.031563]]]}}},{"type":"Feature","geometry":{"type":"Point","coordinates":[8.448,49.037784]},"properties":{"id":"2026V5330","titel":"Glogauer Straße zw. Lauenburger Straße und Kolberger Straße","art":"Gleisbau","artCode":"Gleisbau","artKnown":true,"info":null,"von":"2026-09-20","bis":"2026-10-11","verursacher":"Verkehrsbetriebe Karlsruhe","ampel":"voll","ampelLabel":"Vollsperrung","verkehrsmittel":{"fuss":false,"rad":false,"auto":false,"oepnv":true},"area":{"type":"Polygon","coordinates":[[[8.447757,49.037918],[8.447676,49.037834],[8.448063,49.037663],[8.448149,49.037748],[8.448329,49.037666],[8.448403,49.03762],[8.448445,49.037585],[8.448484,49.037615],[8.448433,49.037653],[8.44838,49.037686],[8.448324,49.037714],[8.44826,49.037743],[8.447788,49.037949],[8.447757,49.037918]]]}}},{"type":"Feature","geometry":{"type":"Point","coordinates":[8.406555,49.009751]},"properties":{"id":"2026V5363","titel":"Adlerstraße zw. Kaiserstraße und Zirkel","art":"Fernwärmeversorgung","artCode":"Fernwärmeversorgung","artKnown":true,"info":null,"von":"2026-08-30","bis":"2026-10-11","verursacher":"Stadtwerke Karlsruhe","ampel":"voll","ampelLabel":"Vollsperrung","verkehrsmittel":{"fuss":false,"rad":false,"auto":true,"oepnv":false},"area":{"type":"Polygon","coordinates":[[[8.406515,49.009949],[8.406405,49.009928],[8.406575,49.009572],[8.406713,49.009572],[8.406515,49.009949]]]}}},{"type":"Feature","geometry":{"type":"Point","coordinates":[8.355927,49.010959]},"properties":{"id":"2026V5368","titel":"Hardtstraße zw. Lameystraße und Am Entenfang","art":"Strom bzw. TK-Versorgung","artCode":"Strom bzw. TK-Versorgung","artKnown":true,"info":"Bauzeit ca. 8 Wochen, Abwicklung in mehreren Bauabschnitten, Notgehweg auf der Fahrbahn","von":"2026-09-21","bis":"2026-11-20","verursacher":"Stadtwerke Karlsruhe","ampel":"teil","ampelLabel":"Teilsperrung","verkehrsmittel":{"fuss":true,"rad":false,"auto":true,"oepnv":false},"area":{"type":"MultiLineString","coordinates":[[[8.355371,49.010397],[8.355464,49.010369],[8.355569,49.010539],[8.355591,49.010581],[8.355603,49.010611],[8.355568,49.010621],[8.355703,49.010763],[8.355834,49.010909],[8.356003,49.010999],[8.356242,49.011129],[8.356584,49.011321],[8.356671,49.011368],[8.356777,49.011299],[8.356843,49.011344],[8.356888,49.011325]],[[8.355967,49.01098],[8.355946,49.010993],[8.355954,49.010999]],[[8.355517,49.010454],[8.355741,49.010442],[8.355739,49.010434]]]}}},{"type":"Feature","geometry":{"type":"Point","coordinates":[8.447691,49.017601]},"properties":{"id":"2026V5405","titel":"Rintheimer Hauptstraße von Mosbacherstraße bis Drosselsangweg","art":"Strom bzw. TK-Versorgung","artCode":"Strom bzw. TK-Versorgung","artKnown":true,"info":"Arbeitsstelle im Geh-, und Radwegbereich, Straßenquerungen = lokale Engstelle wechselseitig, Abwicklung in mehreren Bauabschnitten","von":"2026-09-06","bis":"2026-10-16","verursacher":"Stadtwerke Karlsruhe","ampel":"teil","ampelLabel":"Teilsperrung","verkehrsmittel":{"fuss":false,"rad":true,"auto":false,"oepnv":false},"area":{"type":"Polygon","coordinates":[[[8.447498,49.016993],[8.447539,49.017115],[8.447889,49.01814],[8.44802,49.018121],[8.447991,49.018044],[8.4476,49.016939],[8.447618,49.016921],[8.448008,49.018042],[8.448043,49.018139],[8.448024,49.018139],[8.447899,49.018156],[8.447906,49.018183],[8.447898,49.018213],[8.447871,49.018236],[8.44782,49.018254],[8.447808,49.018238],[8.447877,49.018205],[8.447866,49.018147],[8.447601,49.017381],[8.44747,49.016998],[8.447498,49.016993]]]}}},{"type":"Feature","geometry":{"type":"Point","coordinates":[8.448107,49.039267]},"properties":{"id":"2026V5422","titel":"Bahnübergang Verlängerung Kolberger Straße","art":"Gleisbau","artCode":"Gleisbau","artKnown":true,"info":"Beeinträchtigung nur Radweg und Fußgänger, Umleitung über BÜ Elbinger Straße","von":"2026-09-24","bis":"2026-10-14","verursacher":"Verkehrsbetriebe Karlsruhe","ampel":"gering","ampelLabel":"Geringe Behinderung","verkehrsmittel":{"fuss":true,"rad":true,"auto":false,"oepnv":true},"area":{"type":"Polygon","coordinates":[[[8.448242,49.039291],[8.448172,49.039291],[8.448062,49.039286],[8.448002,49.039295],[8.447949,49.039263],[8.44819,49.039231],[8.448242,49.039291]]]}}},{"type":"Feature","geometry":{"type":"Point","coordinates":[8.399988,49.009793]},"properties":{"id":"2026V3613","titel":"Kaiserstraße zw. Herrenstraße und Ritterstraße","art":"Straßenbau","artCode":"Straßenbau","artKnown":true,"info":null,"von":"2026-07-31","bis":"2026-10-21","verursacher":"Tiefbauamt","ampel":"teil","ampelLabel":"Teilsperrung","verkehrsmittel":{"fuss":false,"rad":false,"auto":true,"oepnv":false},"area":{"type":"Polygon","coordinates":[[[8.399486,49.009736],[8.400381,49.009696],[8.400424,49.009856],[8.399676,49.009895],[8.399486,49.009736]]]}}},{"type":"Feature","geometry":{"type":"Point","coordinates":[8.420864,49.007314]},"properties":{"id":"2026V5451","titel":"Durlacher Allee 26 - 30; Lachnerstr.  1 - 11; Degenfeldstraße; Buntestraße 2 - 18; Gottesauer Str. 27 - 39","art":"Strom bzw. TK-Versorgung","artCode":"Strom bzw. TK-Versorgung","artKnown":true,"info":"Hausanschlüsse, Punktuelle Montagegruben im Gehwegbereich","von":"2026-08-30","bis":"2026-10-31","verursacher":"Telekommunikation","ampel":"teil","ampelLabel":"Teilsperrung","verkehrsmittel":{"fuss":true,"rad":false,"auto":false,"oepnv":false},"area":{"type":"MultiLineString","coordinates":[[[8.41975,49.007159],[8.419925,49.007075],[8.42025,49.006933],[8.420479,49.00682],[8.420629,49.006753],[8.420895,49.007387],[8.421167,49.007998]],[[8.421044,49.008031],[8.420863,49.007617],[8.420543,49.006889],[8.420483,49.006822]],[[8.420701,49.006919],[8.420573,49.006947]],[[8.419753,49.007158],[8.419821,49.007325],[8.420043,49.007833],[8.420184,49.008168]],[[8.419755,49.007159],[8.419593,49.007233]],[[8.419815,49.00731],[8.419697,49.007329]],[[8.420318,49.008225],[8.419958,49.008291],[8.419435,49.008388],[8.419336,49.008412],[8.419329,49.008398]],[[8.420319,49.008226],[8.420657,49.008161],[8.420628,49.008079]],[[8.420658,49.008159],[8.420923,49.008113],[8.42107,49.008085],[8.421045,49.008032]],[[8.420628,49.006757],[8.420644,49.006738],[8.420808,49.006652],[8.420876,49.006709]],[[8.420814,49.00665],[8.420989,49.006566],[8.421292,49.006417],[8.42161,49.00628],[8.421727,49.006222],[8.421893,49.006356],[8.422137,49.00658],[8.422439,49.006849],[8.422754,49.007142],[8.422913,49.007282],[8.422929,49.007324],[8.422997,49.007471]]]}}},{"type":"Feature","geometry":{"type":"Point","coordinates":[8.394208,48.994694]},"properties":{"id":"2026V1697","titel":"Ebertstraße zw. Albtalbahnhof und Ebertstraße","art":"Fernwärmeversorgung","artCode":"Fernwärmeversorgung","artKnown":true,"info":"Kurfürstenstraße und Beiertheimer Allee = keine Ausfahrt auf Ebertstraße","von":"2026-09-28","bis":"2026-11-05","verursacher":"Stadtwerke Karlsruhe","ampel":"voll","ampelLabel":"Vollsperrung","verkehrsmittel":{"fuss":false,"rad":false,"auto":true,"oepnv":false},"area":{"type":"GeometryCollection","geometries":[{"type":"Polygon","coordinates":[[[8.393952,48.994679],[8.394451,48.994646],[8.394464,48.99471],[8.393963,48.994742],[8.393952,48.994679]]]},{"type":"LineString","coordinates":[[8.396601,48.993912],[8.396648,48.993985],[8.396686,48.99419]]},{"type":"MultiLineString","coordinates":[[[8.396119,48.994559],[8.396342,48.994536],[8.396339,48.994507],[8.396289,48.994492],[8.39604,48.994517]],[[8.395523,48.994569],[8.395533,48.994612],[8.395253,48.994632]],[[8.395173,48.994594],[8.395179,48.994637],[8.394466,48.99469]]]}]}}},{"type":"Feature","geometry":{"type":"Point","coordinates":[8.447247,49.045086]},"properties":{"id":"2026V5495","titel":"Albert-Schweitzer-Straße zw. Gustav-Heinemann-Allee und Bertha-von-Stuttner-Straße","art":"Gas bzw. Wasserversorgung","artCode":"Gas bzw. Wasserversorgung","artKnown":true,"info":"1-streifige Verkehrsführung, Abwicklung in mehreren Bauabschnitten","von":"2026-09-30","bis":"2026-12-14","verursacher":"Stadtwerke Karlsruhe","ampel":"teil","ampelLabel":"Teilsperrung","verkehrsmittel":{"fuss":false,"rad":false,"auto":true,"oepnv":false},"area":{"type":"Polygon","coordinates":[[[8.446864,49.044721],[8.446922,49.044703],[8.44704,49.044939],[8.447193,49.04505],[8.447366,49.045108],[8.448011,49.045108],[8.448009,49.045173],[8.447956,49.045165],[8.447949,49.04513],[8.447362,49.045133],[8.44715,49.045078],[8.447006,49.044964],[8.446864,49.044721]]]}}},{"type":"Feature","geometry":{"type":"Point","coordinates":[8.460789,48.99249]},"properties":{"id":"2026V5519","titel":"Grenzstraße zw. Westmarkstraße und Kärtner Straße, Leußlerstraße, Westmarkstraße zw. Grenzstraße und Stegwiesenstraße","art":"Strom bzw. TK-Versorgung","artCode":"Strom bzw. TK-Versorgung","artKnown":true,"info":null,"von":"2026-09-06","bis":"2026-10-30","verursacher":"Telekommunikation","ampel":"teil","ampelLabel":"Teilsperrung","verkehrsmittel":{"fuss":false,"rad":false,"auto":true,"oepnv":false},"area":{"type":"MultiPolygon","coordinates":[[[[8.459791,48.991617],[8.459811,48.991606],[8.459827,48.991602],[8.459848,48.991603],[8.459891,48.991621],[8.460131,48.991759],[8.46017,48.991788],[8.460381,48.992012],[8.46059,48.992246],[8.460951,48.992649],[8.46096,48.992667],[8.460962,48.992684],[8.460956,48.992712],[8.460941,48.992734],[8.460911,48.992755],[8.460839,48.992784],[8.460794,48.992789],[8.460189,48.992943],[8.460048,48.992979],[8.460079,48.993039],[8.460526,48.992923],[8.460603,48.992904],[8.460627,48.992948],[8.460312,48.993021],[8.460308,48.993003],[8.460058,48.993069],[8.459994,48.992966],[8.460828,48.992755],[8.460943,48.992684],[8.460123,48.991777],[8.459844,48.991621],[8.459817,48.991637],[8.459791,48.991617]]],[[[8.460195,48.991699],[8.460214,48.991689],[8.46038,48.991835],[8.461185,48.99273],[8.461272,48.992803],[8.461361,48.992877],[8.461506,48.992989],[8.461707,48.993119],[8.461926,48.993015],[8.461946,48.993033],[8.461741,48.993131],[8.461711,48.993144],[8.461484,48.992998],[8.46134,48.993082],[8.461284,48.993043],[8.461256,48.993018],[8.461213,48.992981],[8.461144,48.992909],[8.461165,48.9929],[8.461266,48.993001],[8.461332,48.993057],[8.46146,48.992981],[8.46146,48.992981],[8.461283,48.992838],[8.46119,48.992763],[8.461135,48.992712],[8.461102,48.99268],[8.460823,48.992365],[8.460388,48.99188],[8.460321,48.991809],[8.460284,48.991779],[8.460195,48.991699]]]]}}},{"type":"Feature","geometry":{"type":"Point","coordinates":[8.387054,49.004347]},"properties":{"id":"2024V5788","titel":"Gartenstraße zw. Brauerstraße und Einmündung Jollystraße","art":"Gas bzw. Wasserversorgung","artCode":"Gas bzw. Wasserversorgung","artKnown":true,"info":"Keine Zufahrt zur L605/Brauerstraße möglich, Einfahrt zu Tankstelle bleibt erhalten","von":"2026-08-02","bis":"2026-10-11","verursacher":"Stadtwerke Karlsruhe","ampel":"voll","ampelLabel":"Vollsperrung","verkehrsmittel":{"fuss":false,"rad":false,"auto":true,"oepnv":false},"area":{"type":"MultiPolygon","coordinates":[[[[8.386806,49.004246],[8.387368,49.004293],[8.387466,49.004298],[8.387486,49.004293],[8.387507,49.004278],[8.387563,49.004227],[8.387609,49.004254],[8.387606,49.004278],[8.387616,49.004315],[8.387632,49.004341],[8.387663,49.004363],[8.387691,49.004371],[8.387752,49.004373],[8.387555,49.004396],[8.387438,49.004405],[8.387366,49.004435],[8.387221,49.004425],[8.387168,49.004426],[8.387124,49.004433],[8.387089,49.004446],[8.387055,49.004465],[8.387033,49.004485],[8.387017,49.004505],[8.387011,49.004518],[8.387006,49.004535],[8.386929,49.004511],[8.386888,49.00443],[8.386858,49.004372],[8.386846,49.004339],[8.386806,49.004246]]],[[[8.38605,49.004225],[8.386053,49.004262],[8.385489,49.004289],[8.385581,49.004272],[8.385699,49.004259],[8.385811,49.004234],[8.38605,49.004225]]]]}}},{"type":"Feature","geometry":{"type":"Point","coordinates":[8.485243,48.945624]},"properties":{"id":"2026V5661","titel":"L623/ Talstraße zw. Im Brunnenfeld und Henri-Arnaud-Straße","art":"Bauliche Sondernutzung","artCode":"Bauliche Sondernutzung","artKnown":true,"info":"Geh- und Radweg gebäudeseitig gesperrt, Fußgängerbedarfsampel vor und nach der Sperrung","von":"2026-08-07","bis":"2026-12-31","verursacher":"Privat","ampel":"teil","ampelLabel":"Teilsperrung","verkehrsmittel":{"fuss":true,"rad":true,"auto":false,"oepnv":false},"area":{"type":"Polygon","coordinates":[[[8.485155,48.945657],[8.485145,48.945635],[8.485238,48.945615],[8.485344,48.945599],[8.485346,48.945615],[8.485253,48.945627],[8.485171,48.945646],[8.485155,48.945657]]]}}},{"type":"Feature","geometry":{"type":"Point","coordinates":[8.404452,49.003879]},"properties":{"id":"2026V5662","titel":"Baumeisterstraße zw. Finterstraße und Ettlinger Straße","art":"Gas bzw. Wasserversorgung","artCode":"Gas bzw. Wasserversorgung","artKnown":true,"info":"1-streifige Verkehrsführung, Bauzeit vs 3 Tage","von":"2026-10-04","bis":"2026-10-11","verursacher":"Stadtwerke Karlsruhe","ampel":"teil","ampelLabel":"Teilsperrung","verkehrsmittel":{"fuss":false,"rad":false,"auto":true,"oepnv":false},"area":{"type":"Polygon","coordinates":[[[8.404973,49.003912],[8.404713,49.003902],[8.404461,49.003891],[8.404408,49.003892],[8.404308,49.003899],[8.40419,49.003908],[8.40418,49.003844],[8.404348,49.003848],[8.404507,49.003858],[8.404788,49.003888],[8.404973,49.003912]]]}}},{"type":"Feature","geometry":{"type":"Point","coordinates":[8.496501,48.987577]},"properties":{"id":"2026V5716","titel":"Rittnertstraße und Jean-Ritzert-Straße","art":"Grünpflegearbeiten","artCode":"Grünpflegearbeiten","artKnown":true,"info":"Kurzzeitige Sperrungen während der Fällvorgänge","von":"2026-10-04","bis":"2026-10-09","verursacher":"Forstamt","ampel":"teil","ampelLabel":"Teilsperrung","verkehrsmittel":{"fuss":false,"rad":false,"auto":true,"oepnv":false},"area":{"type":"LineString","coordinates":[[8.501819,48.988885],[8.49348,48.986834],[8.491693,48.98842]]}}},{"type":"Feature","geometry":{"type":"Point","coordinates":[8.318762,49.039198]},"properties":{"id":"2026V5765","titel":"Gewann Grabenort","art":"Strom bzw. TK-Versorgung","artCode":"Strom bzw. TK-Versorgung","artKnown":true,"info":"Hausanschluß","von":"2026-10-06","bis":"2026-10-16","verursacher":"Stadtwerke Karlsruhe","ampel":"teil","ampelLabel":"Teilsperrung","verkehrsmittel":{"fuss":false,"rad":false,"auto":true,"oepnv":false},"area":{"type":"Polygon","coordinates":[[[8.318698,49.039221],[8.31869,49.039191],[8.318826,49.039176],[8.318834,49.039206],[8.318698,49.039221]]]}}},{"type":"Feature","geometry":{"type":"Point","coordinates":[8.403783,49.003645]},"properties":{"id":"2026V3915","titel":"Nowackanlage zw. Baumeisterstraße und Ettlinger Straße","art":"Fernwärmeversorgung","artCode":"Fernwärmeversorgung","artKnown":true,"info":"Restarbeiten im Geh- und Radweg und bei den Grundstückszufahrten","von":"2026-09-18","bis":"2026-10-09","verursacher":"Stadtwerke Karlsruhe","ampel":"teil","ampelLabel":"Teilsperrung","verkehrsmittel":{"fuss":false,"rad":true,"auto":false,"oepnv":false},"area":{"type":"MultiPolygon","coordinates":[[[[8.403851,49.003659],[8.40386,49.003618],[8.403907,49.003623],[8.403898,49.003664],[8.403851,49.003659]]],[[[8.403725,49.00365],[8.40372,49.00362],[8.403713,49.003578],[8.403744,49.003572],[8.403745,49.003557],[8.403773,49.003556],[8.403777,49.003592],[8.403753,49.003594],[8.403753,49.003626],[8.403796,49.003638],[8.403793,49.003656],[8.403725,49.00365]]]]}}},{"type":"Feature","geometry":{"type":"Point","coordinates":[8.411983,49.007558]},"properties":{"id":"2026V2212","titel":"Markgrafenstraße und Waldhornstraße","art":"Strom bzw. TK-Versorgung","artCode":"Strom bzw. TK-Versorgung","artKnown":true,"info":"Arbeitsstelle im Geh-, und Radwegbereich, Abwicklung in mehreren Bauabschnitten a 30 m, teilweise Notgehweg","von":"2026-09-27","bis":"2027-01-21","verursacher":"Stadtwerke Karlsruhe","ampel":"teil","ampelLabel":"Teilsperrung","verkehrsmittel":{"fuss":true,"rad":true,"auto":false,"oepnv":false},"area":{"type":"LineString","coordinates":[[8.410604,49.00765],[8.410647,49.007648],[8.410712,49.007617],[8.412791,49.00752],[8.413205,49.00721]]}}},{"type":"Feature","geometry":{"type":"Point","coordinates":[8.407219,48.971332]},"properties":{"id":"2026V5942","titel":"Battstraße, Göhrenstraße, Ortehnaustraße","art":"Strom bzw. TK-Versorgung","artCode":"Strom bzw. TK-Versorgung","artKnown":true,"info":"Arbeitsstelle im Geh-, und Radwegbereich, Straßenquerungen = lokale Engstelle wechselseitig, Abwicklung in mehreren Bauabschnitten","von":"2026-09-20","bis":"2026-10-16","verursacher":"Stadtwerke Karlsruhe","ampel":"teil","ampelLabel":"Teilsperrung","verkehrsmittel":{"fuss":false,"rad":true,"auto":false,"oepnv":false},"area":{"type":"MultiPolygon","coordinates":[[[[8.406266,48.971492],[8.408167,48.971157],[8.408182,48.971174],[8.406282,48.971503],[8.406266,48.971492]]],[[[8.406284,48.971566],[8.406296,48.97156],[8.408054,48.971253],[8.408054,48.971263],[8.406284,48.971574],[8.406284,48.971566]]],[[[8.405838,48.970633],[8.405943,48.969675],[8.40603,48.968947],[8.406101,48.967918],[8.406179,48.966357],[8.406213,48.966348],[8.406085,48.968484],[8.406059,48.968976],[8.405867,48.970653],[8.405838,48.970633]]],[[[8.405941,48.97063],[8.406056,48.969663],[8.406144,48.968905],[8.406208,48.968074],[8.40623,48.967831],[8.406293,48.966659],[8.406332,48.966685],[8.406248,48.96796],[8.405976,48.970611],[8.405971,48.970627],[8.405941,48.97063]]]]}}},{"type":"Feature","geometry":{"type":"Point","coordinates":[8.444894,49.030199]},"properties":{"id":"2026V4539","titel":"Geh- und Radweg entlang der VBK Gleistrasse zw. Schweidnitzerstraße bis Glogauer Straße","art":"Strom bzw. TK-Versorgung","artCode":"Strom bzw. TK-Versorgung","artKnown":true,"info":null,"von":"2026-09-20","bis":"2026-11-06","verursacher":"Stadtwerke Karlsruhe","ampel":"voll","ampelLabel":"Vollsperrung","verkehrsmittel":{"fuss":false,"rad":true,"auto":false,"oepnv":true},"area":{"type":"Polygon","coordinates":[[[8.441479,49.030742],[8.447281,49.02979],[8.447915,49.029398],[8.447952,49.029414],[8.447862,49.029481],[8.447377,49.029779],[8.447262,49.029829],[8.44486,49.030221],[8.443069,49.030515],[8.441494,49.030768],[8.441479,49.030742]]]}}},{"type":"Feature","geometry":{"type":"Point","coordinates":[8.421892,49.013259]},"properties":{"id":"2026V6340","titel":"Am Fasanengarten zw. Emil-Gött-Straße und Parkstraße","art":"Strom bzw. TK-Versorgung","artCode":"Strom bzw. TK-Versorgung","artKnown":true,"info":null,"von":"2026-10-07","bis":"2026-10-24","verursacher":"Stadtwerke Karlsruhe","ampel":"teil","ampelLabel":"Teilsperrung","verkehrsmittel":{"fuss":false,"rad":false,"auto":true,"oepnv":false},"area":{"type":"Polygon","coordinates":[[[8.421137,49.013263],[8.421136,49.013237],[8.421762,49.013243],[8.422628,49.013253],[8.422614,49.013282],[8.421137,49.013263]]]}}},{"type":"Feature","geometry":{"type":"Point","coordinates":[8.442179,48.991662]},"properties":{"id":"2026V6017","titel":"Kieselweg","art":"Strom bzw. TK-Versorgung","artCode":"Strom bzw. TK-Versorgung","artKnown":true,"info":"Arbeitsstelle im Geh-, und Radwegbereich, Straßenquerungen = lokale Engstelle wechselseitig, Abwicklung in mehreren Bauabschnitten","von":"2026-09-29","bis":"2026-10-30","verursacher":"Telekommunikation","ampel":"teil","ampelLabel":"Teilsperrung","verkehrsmittel":{"fuss":false,"rad":true,"auto":false,"oepnv":false},"area":{"type":"MultiLineString","coordinates":[[[8.441955,48.991848],[8.442021,48.991793],[8.442157,48.991681],[8.442313,48.991551],[8.442403,48.991476],[8.442491,48.991403],[8.442545,48.9914],[8.442703,48.991482],[8.442721,48.991492],[8.442778,48.99158],[8.442786,48.991587],[8.442798,48.991596],[8.442886,48.991644],[8.442903,48.991652],[8.442913,48.991656],[8.442925,48.991657],[8.442936,48.991654],[8.442959,48.991639],[8.44298,48.991624]],[[8.442443,48.991296],[8.44244,48.991291],[8.442202,48.991166],[8.442196,48.991163]],[[8.442133,48.990973],[8.442102,48.990957],[8.44204,48.990923],[8.441996,48.990902],[8.441978,48.990905],[8.441925,48.990943],[8.441861,48.990994],[8.44184,48.991013],[8.441833,48.99103],[8.442022,48.991132],[8.442378,48.991314],[8.44239,48.991322],[8.442397,48.991331],[8.442407,48.991328]],[[8.441274,48.991464],[8.44128,48.991459],[8.441302,48.991456],[8.441329,48.99147],[8.441339,48.991475],[8.441352,48.991482],[8.441433,48.991523],[8.441431,48.991527],[8.44142,48.991556],[8.441413,48.991557],[8.441417,48.991569],[8.441423,48.991587],[8.441431,48.991596],[8.441452,48.991613],[8.44161,48.991696],[8.441804,48.991796]],[[8.441955,48.991848],[8.441886,48.991905],[8.441776,48.991996],[8.441655,48.992097],[8.441426,48.992286]],[[8.442397,48.991331],[8.4424,48.991337],[8.442402,48.991346],[8.442414,48.991351],[8.442428,48.991358]],[[8.441653,48.991983],[8.441768,48.991889],[8.441779,48.99188],[8.441788,48.991863],[8.441783,48.991847],[8.441779,48.991839],[8.441621,48.991755],[8.441588,48.991739],[8.44157,48.991729],[8.441453,48.991668],[8.441409,48.991646],[8.441385,48.991639],[8.441365,48.991637],[8.441346,48.991636],[8.441317,48.99164],[8.441291,48.991648],[8.441275,48.991655],[8.441203,48.991618],[8.441183,48.991607],[8.441165,48.991598],[8.441147,48.991589],[8.441143,48.991587],[8.441142,48.99157],[8.441146,48.991566],[8.441151,48.991563]],[[8.442482,48.991388],[8.442493,48.991396],[8.442491,48.991403]],[[8.442545,48.9914],[8.442544,48.991398],[8.442543,48.991393]],[[8.442571,48.991361],[8.442573,48.991365],[8.442778,48.991475],[8.442875,48.991529]],[[8.441804,48.991796],[8.441828,48.991801],[8.441854,48.9918],[8.441871,48.991794],[8.441885,48.991785],[8.441901,48.991771],[8.44199,48.991819]],[[8.442407,48.991328],[8.442443,48.991296]],[[8.442543,48.991393],[8.442543,48.991384],[8.442567,48.991365]],[[8.441632,48.991707],[8.441612,48.991721],[8.441592,48.991736]],[[8.442414,48.991351],[8.442428,48.991358],[8.442484,48.991389],[8.44249,48.991394]]]}}},{"type":"Feature","geometry":{"type":"Point","coordinates":[8.432241,49.00912]},"properties":{"id":"2026V6095","titel":"Schückstraße zw. Tullastraße und Gustav-Specht-Straße","art":"Bauliche Sondernutzung","artCode":"Bauliche Sondernutzung","artKnown":true,"info":null,"von":"2026-09-22","bis":"2026-12-02","verursacher":"Privat","ampel":"voll","ampelLabel":"Vollsperrung","verkehrsmittel":{"fuss":false,"rad":false,"auto":true,"oepnv":false},"area":{"type":"Polygon","coordinates":[[[8.43238,49.009061],[8.432394,49.009162],[8.432101,49.00918],[8.432087,49.009079],[8.43238,49.009061]]]}}},{"type":"Feature","geometry":{"type":"Point","coordinates":[8.431931,49.009129]},"properties":{"id":"2026V6094","titel":"Tullastraße Gleisüberfahrt Höhe Schückstraße","art":"Bauliche Sondernutzung","artCode":"Bauliche Sondernutzung","artKnown":true,"info":null,"von":"2026-09-22","bis":"2026-10-30","verursacher":"Privat","ampel":"voll","ampelLabel":"Vollsperrung","verkehrsmittel":{"fuss":false,"rad":false,"auto":false,"oepnv":true},"area":{"type":"MultiPolygon","coordinates":[[[[8.431929,49.009187],[8.431911,49.009061],[8.431928,49.009054],[8.431956,49.009204],[8.431929,49.009187]]],[[[8.431825,49.009211],[8.431817,49.009067],[8.431838,49.009069],[8.431849,49.009194],[8.431825,49.009211]]]]}}},{"type":"Feature","geometry":{"type":"Point","coordinates":[8.447523,49.017127]},"properties":{"id":"2026V6203","titel":"Rintheimer Hauptstraße zw. Hirtenweg und Drosselsangweg","art":"Strom bzw. TK-Versorgung","artCode":"Strom bzw. TK-Versorgung","artKnown":true,"info":null,"von":"2026-09-30","bis":"2026-11-20","verursacher":"Stadtwerke Karlsruhe","ampel":"teil","ampelLabel":"Teilsperrung","verkehrsmittel":{"fuss":false,"rad":false,"auto":true,"oepnv":false},"area":{"type":"Polygon","coordinates":[[[8.447124,49.01611],[8.447184,49.016105],[8.447211,49.016106],[8.447226,49.01611],[8.44723,49.016112],[8.447242,49.016154],[8.447384,49.01615],[8.447367,49.016035],[8.447381,49.016016],[8.447397,49.016],[8.447431,49.01598],[8.44744,49.016007],[8.447399,49.016034],[8.447411,49.016155],[8.447433,49.016383],[8.447579,49.016804],[8.4476,49.01683],[8.447611,49.016834],[8.447628,49.016919],[8.447622,49.016933],[8.448043,49.018139],[8.447899,49.018156],[8.447906,49.018183],[8.447898,49.018213],[8.447875,49.018232],[8.44782,49.018254],[8.447808,49.018238],[8.447872,49.018207],[8.447869,49.018165],[8.447849,49.018105],[8.447462,49.01699],[8.447267,49.01643],[8.447236,49.016253],[8.447221,49.016172],[8.447212,49.016125],[8.44718,49.016117],[8.447125,49.016119],[8.447124,49.01611]],[[8.447252,49.016171],[8.447285,49.016426],[8.447307,49.016482],[8.447341,49.016573],[8.447429,49.016822],[8.447555,49.0168],[8.447561,49.016816],[8.447433,49.016835],[8.447534,49.017121],[8.447718,49.017639],[8.447889,49.01814],[8.44802,49.01812],[8.447985,49.018025],[8.447685,49.017179],[8.4476,49.01694],[8.447619,49.016919],[8.447594,49.016848],[8.44757,49.016841],[8.447412,49.016402],[8.44739,49.016165],[8.447252,49.016171]]]}}},{"type":"Feature","geometry":{"type":"Point","coordinates":[8.401889,49.011252]},"properties":{"id":"2026V6253","titel":"Schlossplatz zw. Herrenstraße u. Zirkel","art":"Stützwand","artCode":"Stützwand","artKnown":true,"info":null,"von":"2026-10-04","bis":"2026-11-20","verursacher":"Tiefbauamt","ampel":"teil","ampelLabel":"Teilsperrung","verkehrsmittel":{"fuss":false,"rad":false,"auto":true,"oepnv":false},"area":{"type":"MultiPolygon","coordinates":[[[[8.401577,49.011352],[8.401798,49.011258],[8.402184,49.011109],[8.402195,49.011123],[8.402208,49.011141],[8.402196,49.011158],[8.402182,49.011163],[8.402107,49.01119],[8.401954,49.011252],[8.401798,49.011317],[8.401634,49.011393],[8.401577,49.011352]]],[[[8.402269,49.011138],[8.402215,49.011066],[8.402737,49.010914],[8.403045,49.010844],[8.403486,49.010771],[8.403559,49.010763],[8.403972,49.010727],[8.404349,49.010719],[8.404974,49.01073],[8.405398,49.010774],[8.405875,49.010858],[8.406475,49.011013],[8.406449,49.011045],[8.40686,49.01118],[8.406913,49.011208],[8.407062,49.011289],[8.407164,49.011344],[8.407266,49.011403],[8.40706,49.011323],[8.406922,49.011269],[8.406758,49.011205],[8.406462,49.011103],[8.406243,49.011043],[8.406082,49.010999],[8.405846,49.010948],[8.405619,49.010905],[8.405484,49.010883],[8.40539,49.01087],[8.405238,49.01085],[8.405031,49.010835],[8.404763,49.010818],[8.404582,49.010811],[8.404379,49.010805],[8.404243,49.01081],[8.404056,49.010816],[8.403921,49.010822],[8.403775,49.010837],[8.403526,49.010865],[8.403254,49.010901],[8.402943,49.010957],[8.402516,49.011061],[8.402399,49.011098],[8.402315,49.011123],[8.402269,49.011138]]],[[[8.407372,49.011446],[8.407251,49.011368],[8.407122,49.011296],[8.407017,49.011238],[8.406931,49.011191],[8.40695,49.011171],[8.407225,49.011284],[8.407402,49.011359],[8.407604,49.01145],[8.407645,49.011462],[8.407617,49.011478],[8.407589,49.011484],[8.407472,49.011466],[8.407372,49.011446]]]]}}},{"type":"Feature","geometry":{"type":"Point","coordinates":[8.457322,48.995922]},"properties":{"id":"2026V6230","titel":"Killisfeldstraße, Gudrunstraße, Oberwaldstraße, Dietrichstraße","art":"Strom bzw. TK-Versorgung","artCode":"Strom bzw. TK-Versorgung","artKnown":true,"info":"Montagegruben im Gehwegbereich","von":"2026-10-01","bis":"2026-10-09","verursacher":"Telekommunikation","ampel":"teil","ampelLabel":"Teilsperrung","verkehrsmittel":{"fuss":true,"rad":false,"auto":false,"oepnv":false},"area":{"type":"MultiPolygon","coordinates":[[[[8.457307,48.995908],[8.457345,48.995913],[8.457337,48.995936],[8.4573,48.99593],[8.457307,48.995908]]],[[[8.457688,48.995986],[8.457697,48.995958],[8.457732,48.995962],[8.457724,48.995991],[8.457688,48.995986]]],[[[8.457861,48.995992],[8.457858,48.995959],[8.457904,48.995966],[8.457894,48.995996],[8.457861,48.995992]]]]}}},{"type":"Feature","geometry":{"type":"Point","coordinates":[8.409026,49.009372]},"properties":{"id":"2026V6260","titel":"Kaiserstraße zw. Kronenstraße und Fritz-Erler-Straße","art":"Straßenbau","artCode":"Straßenbau","artKnown":true,"info":null,"von":"2026-09-30","bis":"2026-10-16","verursacher":"Tiefbauamt","ampel":"voll","ampelLabel":"Vollsperrung","verkehrsmittel":{"fuss":false,"rad":false,"auto":true,"oepnv":false},"area":{"type":"Polygon","coordinates":[[[8.409461,49.009297],[8.409469,49.00942],[8.408538,49.009447],[8.408638,49.00932],[8.409461,49.009297]]]}}},{"type":"Feature","geometry":{"type":"Point","coordinates":[8.408297,49.009342]},"properties":{"id":"2026V6261","titel":"Kaiserstraße zw. Adlerstraße und Kronen straße","art":"Straßenbau","artCode":"Straßenbau","artKnown":true,"info":null,"von":"2026-09-30","bis":"2027-02-26","verursacher":"Tiefbauamt","ampel":"voll","ampelLabel":"Vollsperrung","verkehrsmittel":{"fuss":false,"rad":false,"auto":true,"oepnv":false},"area":{"type":"MultiPolygon","coordinates":[[[[8.40841,49.009284],[8.408579,49.00909],[8.408651,49.009117],[8.408522,49.009281],[8.40841,49.009284]]],[[[8.407843,49.009333],[8.408527,49.009303],[8.408541,49.009447],[8.408215,49.009461],[8.40821,49.009405],[8.407878,49.009417],[8.407843,49.009333]]]]}}},{"type":"Feature","geometry":{"type":"Point","coordinates":[8.357269,49.022612]},"properties":{"id":"2026V6299","titel":"Seydlitzstr. 4-24","art":"Strom bzw. TK-Versorgung","artCode":"Strom bzw. TK-Versorgung","artKnown":true,"info":null,"von":"2026-06-28","bis":"2026-10-09","verursacher":"Stadtwerke Karlsruhe","ampel":"teil","ampelLabel":"Teilsperrung","verkehrsmittel":{"fuss":false,"rad":false,"auto":true,"oepnv":false},"area":{"type":"Polygon","coordinates":[[[8.357666,49.023359],[8.357681,49.023373],[8.357611,49.023402],[8.357584,49.023403],[8.357564,49.023396],[8.357546,49.023376],[8.357521,49.023313],[8.356615,49.020922],[8.357572,49.023363],[8.3576,49.023376],[8.357636,49.023372],[8.357666,49.023359]]]}}},{"type":"Feature","geometry":{"type":"Point","coordinates":[8.359491,49.018008]},"properties":{"id":"2026V6300","titel":"Keplerstraße von Bodelschwinghstraße bis Zietenstraße","art":"Strom bzw. TK-Versorgung","artCode":"Strom bzw. TK-Versorgung","artKnown":true,"info":null,"von":"2026-10-04","bis":"2026-10-30","verursacher":"Stadtwerke Karlsruhe","ampel":"teil","ampelLabel":"Teilsperrung","verkehrsmittel":{"fuss":false,"rad":false,"auto":true,"oepnv":false},"area":{"type":"Polygon","coordinates":[[[8.359122,49.018327],[8.359141,49.018306],[8.359154,49.01831],[8.359168,49.018313],[8.359182,49.018313],[8.359193,49.018311],[8.359208,49.018305],[8.359215,49.018301],[8.359222,49.018295],[8.359679,49.017778],[8.359716,49.017736],[8.35973,49.017718],[8.359732,49.017704],[8.359721,49.017687],[8.359699,49.017675],[8.359717,49.017662],[8.359727,49.017668],[8.359737,49.017675],[8.359749,49.01769],[8.359755,49.017704],[8.359755,49.017722],[8.35975,49.017733],[8.359831,49.017754],[8.35985,49.017744],[8.359871,49.017738],[8.359893,49.017736],[8.359919,49.017738],[8.359942,49.017745],[8.359959,49.017752],[8.359943,49.017767],[8.35993,49.017759],[8.359911,49.017757],[8.35989,49.017754],[8.359865,49.017758],[8.359849,49.017766],[8.359843,49.017772],[8.359337,49.018345],[8.359329,49.01836],[8.359343,49.018379],[8.359359,49.018389],[8.359345,49.018404],[8.359317,49.018388],[8.359306,49.018371],[8.359304,49.018353],[8.359311,49.018336],[8.359812,49.017774],[8.35974,49.017746],[8.359244,49.018305],[8.35922,49.018323],[8.359182,49.018333],[8.359154,49.018334],[8.359122,49.018327]]]}}},{"type":"Feature","geometry":{"type":"Point","coordinates":[8.359004,49.020769]},"properties":{"id":"2026V6301","titel":"Feierabendweg","art":"Strom bzw. TK-Versorgung","artCode":"Strom bzw. TK-Versorgung","artKnown":true,"info":"Punktuelle Gruben für Hausanschlüsse","von":"2026-10-04","bis":"2026-10-30","verursacher":"Stadtwerke Karlsruhe","ampel":"teil","ampelLabel":"Teilsperrung","verkehrsmittel":{"fuss":false,"rad":false,"auto":true,"oepnv":false},"area":{"type":"Polygon","coordinates":[[[8.357723,49.019575],[8.357709,49.019592],[8.357709,49.019607],[8.357709,49.019616],[8.358271,49.020111],[8.360314,49.021918],[8.36032,49.021926],[8.360335,49.021918],[8.360336,49.021927],[8.360316,49.021937],[8.360306,49.021933],[8.360065,49.02172],[8.357725,49.019649],[8.3577,49.019627],[8.357691,49.019618],[8.357686,49.019601],[8.357689,49.019583],[8.357699,49.01957],[8.357709,49.01956],[8.357723,49.019575]]]}}},{"type":"Feature","geometry":{"type":"Point","coordinates":[8.34204,49.006129]},"properties":{"id":"2026V6347","titel":"Silcherstraße, Rabenweg, Buschwiesenweg","art":"Strom bzw. TK-Versorgung","artCode":"Strom bzw. TK-Versorgung","artKnown":true,"info":null,"von":"2026-10-07","bis":"2026-12-31","verursacher":"Stadtwerke Karlsruhe","ampel":"teil","ampelLabel":"Teilsperrung","verkehrsmittel":{"fuss":false,"rad":false,"auto":false,"oepnv":true},"area":{"type":"MultiLineString","coordinates":[[[8.33957,49.006334],[8.340096,49.006311],[8.340105,49.006366],[8.340097,49.006311],[8.340344,49.0063],[8.341035,49.006268],[8.341125,49.006259],[8.341919,49.00615],[8.341948,49.006154],[8.341985,49.00627],[8.342122,49.00671],[8.34173,49.006764]],[[8.341946,49.006154],[8.342044,49.006141],[8.341995,49.00599],[8.341921,49.005766],[8.341909,49.005744],[8.341912,49.005724],[8.341924,49.005686],[8.34195,49.005634],[8.341999,49.005583],[8.342033,49.005555],[8.342105,49.005522],[8.342165,49.005504],[8.342371,49.005466],[8.342899,49.005371],[8.342972,49.005369],[8.343072,49.005387],[8.343139,49.005421],[8.343173,49.005451],[8.343196,49.005487],[8.343206,49.005513],[8.343262,49.005685],[8.343349,49.005952],[8.343434,49.00623],[8.343446,49.006262],[8.343364,49.006274],[8.343426,49.006463],[8.342871,49.006543],[8.343053,49.007106]],[[8.343423,49.006464],[8.343627,49.006435],[8.34363,49.006426],[8.343631,49.00641],[8.343628,49.006388],[8.343602,49.006318],[8.343552,49.00629],[8.343501,49.006251],[8.343411,49.005965],[8.343347,49.005762],[8.343284,49.005568],[8.34328,49.005536],[8.343286,49.005501],[8.343308,49.005471],[8.343336,49.005446],[8.343401,49.005416],[8.343459,49.005405],[8.34353,49.005405],[8.343612,49.005426],[8.343724,49.005477],[8.34409,49.005643],[8.344321,49.005742],[8.344518,49.005811],[8.34467,49.005856],[8.344944,49.005919],[8.345138,49.005952],[8.345374,49.005979],[8.345497,49.005986],[8.345688,49.005993]],[[8.343177,49.005458],[8.343317,49.005463]],[[8.341915,49.005716],[8.341828,49.005686],[8.341833,49.005747],[8.341812,49.005751],[8.341802,49.005764],[8.341787,49.00577],[8.341769,49.005773],[8.341745,49.005771],[8.341712,49.005766],[8.341696,49.005828],[8.341754,49.005838],[8.341788,49.005859],[8.341866,49.00593],[8.341909,49.006054],[8.341913,49.006071],[8.341891,49.006085],[8.341919,49.00615]],[[8.341785,49.005771],[8.341765,49.005844]],[[8.341785,49.005771],[8.341927,49.005783]]]}}}]}
